state,city,isolation,date,acronym
Roraima,Iracema,0.5253150986973667,2020-06-14,RR
Roraima,Bonfim,0.5285157088271674,2020-06-14,RR
Roraima,Caracaraí,0.4670653200570767,2020-06-14,RR
Roraima,São João da Baliza,0.394958436183862,2020-06-14,RR
Roraima,Mucajaí,0.4925364115628425,2020-06-14,RR
Roraima,Rorainópolis,0.4183446472910067,2020-06-14,RR
Roraima,Amajari,0.5109878529225715,2020-06-14,RR
Roraima,Boa Vista,0.5018822676487003,2020-06-14,RR
Roraima,Pacaraima,0.526529238387852,2020-06-14,RR
Roraima,São Luís,0.4102566508327912,2020-06-14,RR
Roraima,Normandia,0.4777770808396379,2020-06-14,RR
Roraima,Alto Alegre,0.5521960719593,2020-06-14,RR
Roraima,Cantá,0.5614016507148731,2020-06-14,RR
Roraima,Caroebe,0.4655167146751474,2020-06-14,RR
Roraima,Alto Alegre,0.5085714285714286,2020-06-13,RR
Roraima,Cantá,0.4592391304347826,2020-06-13,RR
Roraima,Normandia,0.43,2020-06-13,RR
Roraima,Caracaraí,0.4212034383954154,2020-06-13,RR
Roraima,Rorainópolis,0.3728070175438596,2020-06-13,RR
Roraima,Mucajaí,0.4254278728606357,2020-06-13,RR
Roraima,São João da Baliza,0.3583333333333333,2020-06-13,RR
Roraima,Pacaraima,0.444,2020-06-13,RR
Roraima,Amajari,0.5077720207253886,2020-06-13,RR
Roraima,Bonfim,0.5071428571428571,2020-06-13,RR
Roraima,Boa Vista,0.41122509064989,2020-06-13,RR
Roraima,Iracema,0.3969465648854962,2020-06-13,RR
Roraima,Caroebe,0.4132231404958678,2020-06-13,RR
Roraima,São Luís,0.3733333333333333,2020-06-13,RR
Roraima,Amajari,0.4948979591836734,2020-06-12,RR
Roraima,Caracaraí,0.3796791443850267,2020-06-12,RR
Roraima,São João da Baliza,0.2869565217391304,2020-06-12,RR
Roraima,Cantá,0.4145658263305322,2020-06-12,RR
Roraima,Pacaraima,0.4285714285714285,2020-06-12,RR
Roraima,Rorainópolis,0.3797216699801193,2020-06-12,RR
Roraima,Uiramutã,0.4259259259259259,2020-06-12,RR
Roraima,Normandia,0.4042553191489361,2020-06-12,RR
Roraima,Caroebe,0.4745762711864407,2020-06-12,RR
Roraima,Alto Alegre,0.4930747922437673,2020-06-12,RR
Roraima,Bonfim,0.447653429602888,2020-06-12,RR
Roraima,São Luís,0.3831168831168831,2020-06-12,RR
Roraima,Boa Vista,0.3978185993111366,2020-06-12,RR
Roraima,Mucajaí,0.3995157384987893,2020-06-12,RR
Roraima,Iracema,0.44,2020-06-12,RR
Roraima,Pacaraima,0.4621513944223107,2020-06-11,RR
Roraima,Caracaraí,0.4281767955801105,2020-06-11,RR
Roraima,São João da Baliza,0.365079365079365,2020-06-11,RR
Roraima,Boa Vista,0.4408260999700688,2020-06-11,RR
Roraima,São Luís,0.4357142857142857,2020-06-11,RR
Roraima,Alto Alegre,0.5307262569832403,2020-06-11,RR
Roraima,Caroebe,0.4363636363636363,2020-06-11,RR
Roraima,Amajari,0.5483870967741935,2020-06-11,RR
Roraima,Cantá,0.4689119170984456,2020-06-11,RR
Roraima,Rorainópolis,0.3862660944206008,2020-06-11,RR
Roraima,Iracema,0.5586206896551724,2020-06-11,RR
Roraima,Uiramutã,0.5,2020-06-11,RR
Roraima,Normandia,0.4819277108433735,2020-06-11,RR
Roraima,Mucajaí,0.4889975550122249,2020-06-11,RR
Roraima,Bonfim,0.5151515151515151,2020-06-11,RR
Roraima,Pacaraima,0.4,2020-06-10,RR
Roraima,Normandia,0.3373493975903614,2020-06-10,RR
Roraima,Caroebe,0.4166666666666667,2020-06-10,RR
Roraima,São Luís,0.4210526315789473,2020-06-10,RR
Roraima,Iracema,0.4513888888888889,2020-06-10,RR
Roraima,Caracaraí,0.3899721448467966,2020-06-10,RR
Roraima,Boa Vista,0.3971932215991821,2020-06-10,RR
Roraima,Cantá,0.4,2020-06-10,RR
Roraima,Uiramutã,0.5254237288135594,2020-06-10,RR
Roraima,São João da Baliza,0.3684210526315789,2020-06-10,RR
Roraima,Bonfim,0.437984496124031,2020-06-10,RR
Roraima,Amajari,0.4654088050314465,2020-06-10,RR
Roraima,Rorainópolis,0.3563714902807775,2020-06-10,RR
Roraima,Mucajaí,0.4488778054862843,2020-06-10,RR
Roraima,Alto Alegre,0.4624277456647399,2020-06-10,RR
Roraima,Rorainópolis,0.351578947368421,2020-06-09,RR
Roraima,São Luís,0.4027777777777778,2020-06-09,RR
Roraima,Normandia,0.3932584269662921,2020-06-09,RR
Roraima,Iracema,0.4820143884892086,2020-06-09,RR
Roraima,Caracaraí,0.3940217391304347,2020-06-09,RR
Roraima,Mucajaí,0.4588528678304239,2020-06-09,RR
Roraima,Boa Vista,0.399623740745236,2020-06-09,RR
Roraima,Bonfim,0.4942084942084942,2020-06-09,RR
Roraima,Uiramutã,0.396551724137931,2020-06-09,RR
Roraima,Cantá,0.4553072625698324,2020-06-09,RR
Roraima,Pacaraima,0.4269230769230769,2020-06-09,RR
Roraima,São João da Baliza,0.3675213675213675,2020-06-09,RR
Roraima,Caroebe,0.3916666666666666,2020-06-09,RR
Roraima,Alto Alegre,0.4716417910447761,2020-06-09,RR
Roraima,Amajari,0.4431818181818182,2020-06-09,RR
Roraima,Caracaraí,0.3885714285714285,2020-06-08,RR
Roraima,Uiramutã,0.46,2020-06-08,RR
Roraima,Alto Alegre,0.4909638554216867,2020-06-08,RR
Roraima,Iracema,0.4304635761589404,2020-06-08,RR
Roraima,Pacaraima,0.40625,2020-06-08,RR
Roraima,Cantá,0.3929539295392953,2020-06-08,RR
Roraima,São João da Baliza,0.3826086956521739,2020-06-08,RR
Roraima,Normandia,0.2553191489361702,2020-06-08,RR
Roraima,São Luís,0.4189189189189189,2020-06-08,RR
Roraima,Mucajaí,0.4464285714285714,2020-06-08,RR
Roraima,Amajari,0.4207317073170731,2020-06-08,RR
Roraima,Boa Vista,0.3905382051598568,2020-06-08,RR
Roraima,Bonfim,0.4710743801652892,2020-06-08,RR
Roraima,Caroebe,0.4036697247706422,2020-06-08,RR
Roraima,Rorainópolis,0.3638253638253638,2020-06-08,RR
Roraima,Bonfim,0.5774058577405857,2020-06-07,RR
Roraima,Normandia,0.5119047619047619,2020-06-07,RR
Roraima,Mucajaí,0.5076142131979695,2020-06-07,RR
Roraima,Uiramutã,0.6538461538461539,2020-06-07,RR
Roraima,Alto Alegre,0.5841269841269842,2020-06-07,RR
Roraima,São João da Baliza,0.5596330275229358,2020-06-07,RR
Roraima,Boa Vista,0.5140278969275252,2020-06-07,RR
Roraima,Pacaraima,0.5165289256198347,2020-06-07,RR
Roraima,Amajari,0.6081871345029239,2020-06-07,RR
Roraima,Rorainópolis,0.5110619469026548,2020-06-07,RR
Roraima,Iracema,0.4680851063829787,2020-06-07,RR
Roraima,Caracaraí,0.4822006472491909,2020-06-07,RR
Roraima,São Luís,0.4693877551020408,2020-06-07,RR
Roraima,Caroebe,0.5445544554455446,2020-06-07,RR
Roraima,Cantá,0.5809248554913294,2020-06-07,RR
Roraima,Caroebe,0.4038461538461538,2020-06-06,RR
Roraima,Pacaraima,0.3813559322033898,2020-06-06,RR
Roraima,Bonfim,0.495575221238938,2020-06-06,RR
Roraima,Boa Vista,0.4138093296106911,2020-06-06,RR
Roraima,Amajari,0.4917127071823204,2020-06-06,RR
Roraima,Caracaraí,0.4298245614035088,2020-06-06,RR
Roraima,Uiramutã,0.5084745762711864,2020-06-06,RR
Roraima,Rorainópolis,0.4231625835189309,2020-06-06,RR
Roraima,Iracema,0.4966442953020134,2020-06-06,RR
Roraima,São Luís,0.3538461538461538,2020-06-06,RR
Roraima,Mucajaí,0.4205378973105134,2020-06-06,RR
Roraima,Cantá,0.4816901408450704,2020-06-06,RR
Roraima,Normandia,0.4021739130434782,2020-06-06,RR
Roraima,São João da Baliza,0.4051724137931034,2020-06-06,RR
Roraima,Alto Alegre,0.5248447204968945,2020-06-06,RR
Roraima,Pacaraima,0.4105691056910569,2020-06-05,RR
Roraima,Caroebe,0.4069767441860465,2020-06-05,RR
Roraima,Boa Vista,0.4032206835217888,2020-06-05,RR
Roraima,Normandia,0.4285714285714285,2020-06-05,RR
Roraima,Mucajaí,0.4636591478696741,2020-06-05,RR
Roraima,Amajari,0.4860335195530726,2020-06-05,RR
Roraima,Rorainópolis,0.3471264367816092,2020-06-05,RR
Roraima,Uiramutã,0.5964912280701754,2020-06-05,RR
Roraima,São João da Baliza,0.417391304347826,2020-06-05,RR
Roraima,Iracema,0.4358974358974359,2020-06-05,RR
Roraima,São Luís,0.4148148148148148,2020-06-05,RR
Roraima,Caracaraí,0.3884057971014493,2020-06-05,RR
Roraima,Alto Alegre,0.4516129032258064,2020-06-05,RR
Roraima,Cantá,0.3983050847457627,2020-06-05,RR
Roraima,Bonfim,0.4449339207048458,2020-06-05,RR
Roraima,Amajari,0.4863387978142076,2020-06-04,RR
Roraima,Mucajaí,0.4602409638554217,2020-06-04,RR
Roraima,Caroebe,0.4495412844036697,2020-06-04,RR
Roraima,Pacaraima,0.4017467248908297,2020-06-04,RR
Roraima,Cantá,0.4346666666666666,2020-06-04,RR
Roraima,Rorainópolis,0.3047034764826176,2020-06-04,RR
Roraima,Caracaraí,0.3989501312335958,2020-06-04,RR
Roraima,Uiramutã,0.45,2020-06-04,RR
Roraima,São João da Baliza,0.4311926605504587,2020-06-04,RR
Roraima,Iracema,0.4596273291925465,2020-06-04,RR
Roraima,Alto Alegre,0.4613003095975232,2020-06-04,RR
Roraima,Boa Vista,0.3895621460325193,2020-06-04,RR
Roraima,Bonfim,0.4518828451882845,2020-06-04,RR
Roraima,São Luís,0.3284671532846715,2020-06-04,RR
Roraima,Normandia,0.3932584269662921,2020-06-04,RR
Roraima,Iracema,0.4805194805194805,2020-06-03,RR
Roraima,Amajari,0.5,2020-06-03,RR
Roraima,Boa Vista,0.3882044156245175,2020-06-03,RR
Roraima,Alto Alegre,0.459214501510574,2020-06-03,RR
Roraima,Bonfim,0.496031746031746,2020-06-03,RR
Roraima,Mucajaí,0.4561403508771929,2020-06-03,RR
Roraima,Cantá,0.4090909090909091,2020-06-03,RR
Roraima,Pacaraima,0.384,2020-06-03,RR
Roraima,São João da Baliza,0.3925233644859813,2020-06-03,RR
Roraima,Rorainópolis,0.3253796095444685,2020-06-03,RR
Roraima,Caracaraí,0.3631284916201117,2020-06-03,RR
Roraima,São Luís,0.4222222222222222,2020-06-03,RR
Roraima,Caroebe,0.4166666666666667,2020-06-03,RR
Roraima,Normandia,0.3823529411764705,2020-06-03,RR
Roraima,Uiramutã,0.4642857142857143,2020-06-03,RR
Roraima,Alto Alegre,0.4937888198757764,2020-06-02,RR
Roraima,Bonfim,0.4838709677419355,2020-06-02,RR
Roraima,Caracaraí,0.4501424501424501,2020-06-02,RR
Roraima,Cantá,0.3821138211382114,2020-06-02,RR
Roraima,Pacaraima,0.4279835390946502,2020-06-02,RR
Roraima,Rorainópolis,0.4173553719008264,2020-06-02,RR
Roraima,Caroebe,0.4033613445378151,2020-06-02,RR
Roraima,Mucajaí,0.4628712871287129,2020-06-02,RR
Roraima,São João da Baliza,0.3396226415094339,2020-06-02,RR
Roraima,Boa Vista,0.3968576883352633,2020-06-02,RR
Roraima,Normandia,0.4245283018867924,2020-06-02,RR
Roraima,São Luís,0.3410852713178294,2020-06-02,RR
Roraima,Iracema,0.4768211920529801,2020-06-02,RR
Roraima,Amajari,0.4852071005917159,2020-06-02,RR
Roraima,Iracema,0.475177304964539,2020-06-01,RR
Roraima,Rorainópolis,0.3215031315240083,2020-06-01,RR
Roraima,Alto Alegre,0.4598070739549839,2020-06-01,RR
Roraima,Amajari,0.5380434782608695,2020-06-01,RR
Roraima,São João da Baliza,0.4065040650406504,2020-06-01,RR
Roraima,Bonfim,0.4590163934426229,2020-06-01,RR
Roraima,Mucajaí,0.3884711779448621,2020-06-01,RR
Roraima,Pacaraima,0.358974358974359,2020-06-01,RR
Roraima,Caracaraí,0.3957219251336898,2020-06-01,RR
Roraima,Caroebe,0.4903846153846153,2020-06-01,RR
Roraima,Normandia,0.3548387096774194,2020-06-01,RR
Roraima,Boa Vista,0.3927618569321071,2020-06-01,RR
Roraima,São Luís,0.3714285714285714,2020-06-01,RR
Roraima,Cantá,0.4269972451790633,2020-06-01,RR
Roraima,Rorainópolis,0.4578587699316628,2020-05-31,RR
Roraima,Amajari,0.5257142857142857,2020-05-31,RR
Roraima,Iracema,0.4591194968553459,2020-05-31,RR
Roraima,Alto Alegre,0.5435435435435435,2020-05-31,RR
Roraima,Normandia,0.4897959183673469,2020-05-31,RR
Roraima,Bonfim,0.5579399141630901,2020-05-31,RR
Roraima,São Luís,0.5167785234899329,2020-05-31,RR
Roraima,Mucajaí,0.5133689839572193,2020-05-31,RR
Roraima,Boa Vista,0.498397542899112,2020-05-31,RR
Roraima,Cantá,0.5384615384615384,2020-05-31,RR
Roraima,Uiramutã,0.5714285714285714,2020-05-31,RR
Roraima,Pacaraima,0.524390243902439,2020-05-31,RR
Roraima,São João da Baliza,0.4454545454545454,2020-05-31,RR
Roraima,Caroebe,0.4230769230769231,2020-05-31,RR
Roraima,Caracaraí,0.4553314121037464,2020-05-31,RR
Roraima,Normandia,0.4901960784313725,2020-05-30,RR
Roraima,Boa Vista,0.4262474581573596,2020-05-30,RR
Roraima,São Luís,0.4388489208633093,2020-05-30,RR
Roraima,Caroebe,0.4757281553398058,2020-05-30,RR
Roraima,Uiramutã,0.3962264150943396,2020-05-30,RR
Roraima,Alto Alegre,0.5348837209302325,2020-05-30,RR
Roraima,Iracema,0.4829931972789115,2020-05-30,RR
Roraima,São João da Baliza,0.3636363636363636,2020-05-30,RR
Roraima,Pacaraima,0.4396551724137931,2020-05-30,RR
Roraima,Bonfim,0.5114503816793893,2020-05-30,RR
Roraima,Rorainópolis,0.3794642857142857,2020-05-30,RR
Roraima,Cantá,0.4863387978142076,2020-05-30,RR
Roraima,Caracaraí,0.4318181818181818,2020-05-30,RR
Roraima,Mucajaí,0.4572127139364303,2020-05-30,RR
Roraima,Amajari,0.4971751412429379,2020-05-30,RR
Roraima,Caroebe,0.4811320754716981,2020-05-29,RR
Roraima,Pacaraima,0.4274509803921568,2020-05-29,RR
Roraima,Amajari,0.5058139534883721,2020-05-29,RR
Roraima,Cantá,0.4609375,2020-05-29,RR
Roraima,Mucajaí,0.4224343675417661,2020-05-29,RR
Roraima,Rorainópolis,0.3720430107526882,2020-05-29,RR
Roraima,Boa Vista,0.4042259702802683,2020-05-29,RR
Roraima,Iracema,0.3915662650602409,2020-05-29,RR
Roraima,Normandia,0.3716814159292035,2020-05-29,RR
Roraima,Bonfim,0.5055350553505535,2020-05-29,RR
Roraima,Uiramutã,0.45,2020-05-29,RR
Roraima,São Luís,0.3716216216216216,2020-05-29,RR
Roraima,Caracaraí,0.36,2020-05-29,RR
Roraima,São João da Baliza,0.3852459016393442,2020-05-29,RR
Roraima,Alto Alegre,0.4718100890207715,2020-05-29,RR
Roraima,Pacaraima,0.4100418410041841,2020-05-28,RR
Roraima,Boa Vista,0.4133952011722327,2020-05-28,RR
Roraima,Caroebe,0.5142857142857142,2020-05-28,RR
Roraima,Amajari,0.4569892473118279,2020-05-28,RR
Roraima,Normandia,0.5089285714285714,2020-05-28,RR
Roraima,São Luís,0.4558823529411764,2020-05-28,RR
Roraima,Caracaraí,0.3983286908077994,2020-05-28,RR
Roraima,Iracema,0.375,2020-05-28,RR
Roraima,Bonfim,0.5182481751824818,2020-05-28,RR
Roraima,Mucajaí,0.4425,2020-05-28,RR
Roraima,Cantá,0.4839572192513369,2020-05-28,RR
Roraima,Uiramutã,0.3898305084745763,2020-05-28,RR
Roraima,Rorainópolis,0.3481012658227848,2020-05-28,RR
Roraima,São João da Baliza,0.4090909090909091,2020-05-28,RR
Roraima,Alto Alegre,0.4658385093167702,2020-05-28,RR
Roraima,Rorainópolis,0.3961456102783726,2020-05-27,RR
Roraima,Boa Vista,0.4134972311811599,2020-05-27,RR
Roraima,Uiramutã,0.360655737704918,2020-05-27,RR
Roraima,Iracema,0.4333333333333333,2020-05-27,RR
Roraima,Caracaraí,0.4251968503937008,2020-05-27,RR
Roraima,Normandia,0.419047619047619,2020-05-27,RR
Roraima,Pacaraima,0.4210526315789473,2020-05-27,RR
Roraima,Bonfim,0.5,2020-05-27,RR
Roraima,Mucajaí,0.4296116504854368,2020-05-27,RR
Roraima,Caroebe,0.4247787610619469,2020-05-27,RR
Roraima,São João da Baliza,0.4017094017094017,2020-05-27,RR
Roraima,Amajari,0.536723163841808,2020-05-27,RR
Roraima,Cantá,0.4686716791979949,2020-05-27,RR
Roraima,Alto Alegre,0.4792243767313019,2020-05-27,RR
Roraima,São Luís,0.4791666666666667,2020-05-27,RR
Roraima,Caracaraí,0.4252577319587629,2020-05-26,RR
Roraima,Rorainópolis,0.3655030800821355,2020-05-26,RR
Roraima,São Luís,0.4191176470588235,2020-05-26,RR
Roraima,Bonfim,0.462406015037594,2020-05-26,RR
Roraima,Mucajaí,0.4583333333333333,2020-05-26,RR
Roraima,Alto Alegre,0.4798850574712643,2020-05-26,RR
Roraima,Boa Vista,0.4147786259541984,2020-05-26,RR
Roraima,Pacaraima,0.4132231404958678,2020-05-26,RR
Roraima,São João da Baliza,0.3619047619047619,2020-05-26,RR
Roraima,Normandia,0.3636363636363636,2020-05-26,RR
Roraima,Uiramutã,0.3225806451612903,2020-05-26,RR
Roraima,Amajari,0.503030303030303,2020-05-26,RR
Roraima,Cantá,0.455012853470437,2020-05-26,RR
Roraima,Iracema,0.436241610738255,2020-05-26,RR
Roraima,Caroebe,0.4285714285714285,2020-05-26,RR
Roraima,Pacaraima,0.4096385542168674,2020-05-25,RR
Roraima,Iracema,0.4491017964071856,2020-05-25,RR
Roraima,Amajari,0.5235294117647059,2020-05-25,RR
Roraima,Cantá,0.4974489795918367,2020-05-25,RR
Roraima,Alto Alegre,0.4532163742690058,2020-05-25,RR
Roraima,Rorainópolis,0.3943965517241379,2020-05-25,RR
Roraima,Boa Vista,0.4160969546302051,2020-05-25,RR
Roraima,Bonfim,0.4782608695652174,2020-05-25,RR
Roraima,Mucajaí,0.4388489208633093,2020-05-25,RR
Roraima,Normandia,0.4857142857142857,2020-05-25,RR
Roraima,Caracaraí,0.3782234957020057,2020-05-25,RR
Roraima,Uiramutã,0.3269230769230769,2020-05-25,RR
Roraima,São Luís,0.4041095890410959,2020-05-25,RR
Roraima,Caroebe,0.4774774774774775,2020-05-25,RR
Roraima,São João da Baliza,0.3793103448275862,2020-05-25,RR
Roraima,Iracema,0.5658914728682171,2020-05-24,RR
Roraima,Alto Alegre,0.5898203592814372,2020-05-24,RR
Roraima,Cantá,0.5681233933161953,2020-05-24,RR
Roraima,Caracaraí,0.5015105740181269,2020-05-24,RR
Roraima,Pacaraima,0.4585152838427948,2020-05-24,RR
Roraima,Rorainópolis,0.5216346153846154,2020-05-24,RR
Roraima,Amajari,0.55,2020-05-24,RR
Roraima,Caroebe,0.5050505050505051,2020-05-24,RR
Roraima,Uiramutã,0.4576271186440678,2020-05-24,RR
Roraima,Boa Vista,0.5152509338963781,2020-05-24,RR
Roraima,Bonfim,0.5657370517928287,2020-05-24,RR
Roraima,São Luís,0.5116279069767442,2020-05-24,RR
Roraima,Normandia,0.4516129032258064,2020-05-24,RR
Roraima,São João da Baliza,0.4636363636363636,2020-05-24,RR
Roraima,Mucajaí,0.504,2020-05-24,RR
Roraima,Mucajaí,0.4197860962566845,2020-05-23,RR
Roraima,Boa Vista,0.4388146209217538,2020-05-23,RR
Roraima,São João da Baliza,0.4476190476190476,2020-05-23,RR
Roraima,Alto Alegre,0.4927113702623906,2020-05-23,RR
Roraima,Pacaraima,0.4661016949152542,2020-05-23,RR
Roraima,Caracaraí,0.4490445859872611,2020-05-23,RR
Roraima,São Luís,0.5140845070422535,2020-05-23,RR
Roraima,Rorainópolis,0.4647577092511013,2020-05-23,RR
Roraima,Bonfim,0.5603112840466926,2020-05-23,RR
Roraima,Uiramutã,0.4727272727272727,2020-05-23,RR
Roraima,Normandia,0.4421052631578947,2020-05-23,RR
Roraima,Cantá,0.481578947368421,2020-05-23,RR
Roraima,Caroebe,0.5945945945945946,2020-05-23,RR
Roraima,Amajari,0.5245901639344263,2020-05-23,RR
Roraima,Iracema,0.5231788079470199,2020-05-23,RR
Roraima,Amajari,0.5517241379310345,2020-05-22,RR
Roraima,Boa Vista,0.4106616744414436,2020-05-22,RR
Roraima,Normandia,0.4117647058823529,2020-05-22,RR
Roraima,Caroebe,0.360655737704918,2020-05-22,RR
Roraima,Pacaraima,0.4470588235294118,2020-05-22,RR
Roraima,Rorainópolis,0.3733624454148471,2020-05-22,RR
Roraima,Bonfim,0.4901185770750988,2020-05-22,RR
Roraima,Caracaraí,0.3877551020408163,2020-05-22,RR
Roraima,Cantá,0.4540540540540541,2020-05-22,RR
Roraima,São Luís,0.4027777777777778,2020-05-22,RR
Roraima,Alto Alegre,0.4662756598240469,2020-05-22,RR
Roraima,São João da Baliza,0.4035087719298245,2020-05-22,RR
Roraima,Mucajaí,0.4510739856801909,2020-05-22,RR
Roraima,Iracema,0.4304635761589404,2020-05-22,RR
Roraima,Normandia,0.4148936170212766,2020-05-21,RR
Roraima,Iracema,0.4868421052631579,2020-05-21,RR
Roraima,Boa Vista,0.4184792598492739,2020-05-21,RR
Roraima,São João da Baliza,0.3826086956521739,2020-05-21,RR
Roraima,Bonfim,0.4830188679245283,2020-05-21,RR
Roraima,Uiramutã,0.3666666666666666,2020-05-21,RR
Roraima,São Luís,0.4264705882352941,2020-05-21,RR
Roraima,Caracaraí,0.3923303834808259,2020-05-21,RR
Roraima,Rorainópolis,0.375,2020-05-21,RR
Roraima,Caroebe,0.4230769230769231,2020-05-21,RR
Roraima,Amajari,0.5113636363636364,2020-05-21,RR
Roraima,Alto Alegre,0.4595375722543353,2020-05-21,RR
Roraima,Mucajaí,0.4732824427480916,2020-05-21,RR
Roraima,Pacaraima,0.4242424242424242,2020-05-21,RR
Roraima,Cantá,0.4846153846153846,2020-05-21,RR
Roraima,Rorainópolis,0.3626609442060086,2020-05-20,RR
Roraima,Alto Alegre,0.4929971988795518,2020-05-20,RR
Roraima,Boa Vista,0.4128376538915272,2020-05-20,RR
Roraima,São Luís,0.3829787234042553,2020-05-20,RR
Roraima,Normandia,0.47,2020-05-20,RR
Roraima,Uiramutã,0.4150943396226415,2020-05-20,RR
Roraima,Cantá,0.483204134366925,2020-05-20,RR
Roraima,Amajari,0.5028248587570622,2020-05-20,RR
Roraima,Bonfim,0.4904942965779467,2020-05-20,RR
Roraima,Caroebe,0.4017857142857143,2020-05-20,RR
Roraima,Pacaraima,0.3684210526315789,2020-05-20,RR
Roraima,Iracema,0.4149659863945578,2020-05-20,RR
Roraima,São João da Baliza,0.3888888888888889,2020-05-20,RR
Roraima,Mucajaí,0.4503631961259079,2020-05-20,RR
Roraima,Caracaraí,0.4023323615160349,2020-05-20,RR
Roraima,Alto Alegre,0.4666666666666667,2020-05-19,RR
Roraima,Iracema,0.4630872483221476,2020-05-19,RR
Roraima,Boa Vista,0.4191697077446118,2020-05-19,RR
Roraima,Amajari,0.5114942528735632,2020-05-19,RR
Roraima,Caroebe,0.4210526315789473,2020-05-19,RR
Roraima,Rorainópolis,0.3932346723044397,2020-05-19,RR
Roraima,Caracaraí,0.4069767441860465,2020-05-19,RR
Roraima,Mucajaí,0.4841849148418491,2020-05-19,RR
Roraima,Uiramutã,0.4814814814814814,2020-05-19,RR
Roraima,São João da Baliza,0.3773584905660377,2020-05-19,RR
Roraima,São Luís,0.39568345323741,2020-05-19,RR
Roraima,Bonfim,0.5681818181818182,2020-05-19,RR
Roraima,Normandia,0.4301075268817204,2020-05-19,RR
Roraima,Pacaraima,0.4188034188034188,2020-05-19,RR
Roraima,Cantá,0.4621212121212121,2020-05-19,RR
Roraima,Boa Vista,0.4214328152850308,2020-05-18,RR
Roraima,Alto Alegre,0.4844192634560906,2020-05-18,RR
Roraima,Uiramutã,0.3653846153846153,2020-05-18,RR
Roraima,Amajari,0.488235294117647,2020-05-18,RR
Roraima,São Luís,0.4388489208633093,2020-05-18,RR
Roraima,São João da Baliza,0.4587155963302752,2020-05-18,RR
Roraima,Normandia,0.4583333333333333,2020-05-18,RR
Roraima,Caracaraí,0.4285714285714285,2020-05-18,RR
Roraima,Pacaraima,0.3540856031128405,2020-05-18,RR
Roraima,Rorainópolis,0.3670103092783505,2020-05-18,RR
Roraima,Bonfim,0.5153846153846153,2020-05-18,RR
Roraima,Caroebe,0.4736842105263157,2020-05-18,RR
Roraima,Cantá,0.4166666666666667,2020-05-18,RR
Roraima,Iracema,0.5126582278481012,2020-05-18,RR
Roraima,Mucajaí,0.470873786407767,2020-05-18,RR
Roraima,Normandia,0.4554455445544554,2020-05-17,RR
Roraima,Bonfim,0.5797665369649806,2020-05-17,RR
Roraima,São João da Baliza,0.5185185185185185,2020-05-17,RR
Roraima,Caracaraí,0.5093167701863354,2020-05-17,RR
Roraima,São Luís,0.4897959183673469,2020-05-17,RR
Roraima,Boa Vista,0.5142172420493555,2020-05-17,RR
Roraima,Iracema,0.4934210526315789,2020-05-17,RR
Roraima,Alto Alegre,0.60625,2020-05-17,RR
Roraima,Mucajaí,0.5475578406169666,2020-05-17,RR
Roraima,Rorainópolis,0.4439359267734554,2020-05-17,RR
Roraima,Pacaraima,0.4625,2020-05-17,RR
Roraima,Cantá,0.520891364902507,2020-05-17,RR
Roraima,Caroebe,0.5446428571428571,2020-05-17,RR
Roraima,Amajari,0.5433526011560693,2020-05-17,RR
Roraima,Uiramutã,0.42,2020-05-17,RR
Roraima,Uiramutã,0.4259259259259259,2020-05-16,RR
Roraima,Mucajaí,0.5110565110565111,2020-05-16,RR
Roraima,Caroebe,0.495575221238938,2020-05-16,RR
Roraima,Bonfim,0.556910569105691,2020-05-16,RR
Roraima,Iracema,0.5263157894736842,2020-05-16,RR
Roraima,Amajari,0.5028901734104047,2020-05-16,RR
Roraima,Rorainópolis,0.4669509594882729,2020-05-16,RR
Roraima,São João da Baliza,0.4741379310344827,2020-05-16,RR
Roraima,Pacaraima,0.4594594594594595,2020-05-16,RR
Roraima,Boa Vista,0.445186953062848,2020-05-16,RR
Roraima,Cantá,0.5052631578947369,2020-05-16,RR
Roraima,Caracaraí,0.4545454545454545,2020-05-16,RR
Roraima,São Luís,0.4452554744525547,2020-05-16,RR
Roraima,Normandia,0.4803921568627451,2020-05-16,RR
Roraima,Alto Alegre,0.5303030303030303,2020-05-16,RR
Roraima,Amajari,0.5178571428571429,2020-05-15,RR
Roraima,São João da Baliza,0.3902439024390244,2020-05-15,RR
Roraima,Pacaraima,0.3794466403162055,2020-05-15,RR
Roraima,Mucajaí,0.4685138539042821,2020-05-15,RR
Roraima,São Luís,0.3947368421052631,2020-05-15,RR
Roraima,Iracema,0.4093959731543624,2020-05-15,RR
Roraima,Bonfim,0.5686274509803921,2020-05-15,RR
Roraima,Caracaraí,0.4299065420560747,2020-05-15,RR
Roraima,Normandia,0.4230769230769231,2020-05-15,RR
Roraima,Boa Vista,0.407544894980646,2020-05-15,RR
Roraima,Alto Alegre,0.4711538461538461,2020-05-15,RR
Roraima,Cantá,0.4375,2020-05-15,RR
Roraima,Uiramutã,0.4262295081967213,2020-05-15,RR
Roraima,Caroebe,0.3490566037735849,2020-05-15,RR
Roraima,Rorainópolis,0.4063829787234042,2020-05-15,RR
Roraima,Caroebe,0.3658536585365853,2020-05-14,RR
Roraima,Alto Alegre,0.4786885245901639,2020-05-14,RR
Roraima,São João da Baliza,0.3793103448275862,2020-05-14,RR
Roraima,Amajari,0.5028571428571429,2020-05-14,RR
Roraima,Mucajaí,0.4776119402985074,2020-05-14,RR
Roraima,São Luís,0.3680555555555556,2020-05-14,RR
Roraima,Boa Vista,0.4131740312282698,2020-05-14,RR
Roraima,Normandia,0.4466019417475728,2020-05-14,RR
Roraima,Bonfim,0.5296442687747036,2020-05-14,RR
Roraima,Cantá,0.4032258064516129,2020-05-14,RR
Roraima,Caracaraí,0.4331210191082802,2020-05-14,RR
Roraima,Iracema,0.4506172839506173,2020-05-14,RR
Roraima,Rorainópolis,0.3861607142857143,2020-05-14,RR
Roraima,Pacaraima,0.4377358490566038,2020-05-14,RR
Roraima,Uiramutã,0.3870967741935484,2020-05-14,RR
Roraima,Pacaraima,0.421259842519685,2020-05-13,RR
Roraima,Amajari,0.573170731707317,2020-05-13,RR
Roraima,Caroebe,0.4508196721311475,2020-05-13,RR
Roraima,Normandia,0.4653465346534653,2020-05-13,RR
Roraima,Mucajaí,0.4850746268656716,2020-05-13,RR
Roraima,Alto Alegre,0.484472049689441,2020-05-13,RR
Roraima,Uiramutã,0.3770491803278688,2020-05-13,RR
Roraima,Iracema,0.4967320261437908,2020-05-13,RR
Roraima,São João da Baliza,0.4033613445378151,2020-05-13,RR
Roraima,Bonfim,0.5731225296442688,2020-05-13,RR
Roraima,São Luís,0.4733333333333333,2020-05-13,RR
Roraima,Cantá,0.440721649484536,2020-05-13,RR
Roraima,Rorainópolis,0.4675615212527964,2020-05-13,RR
Roraima,Caracaraí,0.4587155963302752,2020-05-13,RR
Roraima,Boa Vista,0.4169637830737474,2020-05-13,RR
Roraima,Amajari,0.5,2020-05-12,RR
Roraima,Caracaraí,0.4534534534534534,2020-05-12,RR
Roraima,Boa Vista,0.4198378240326906,2020-05-12,RR
Roraima,Pacaraima,0.374074074074074,2020-05-12,RR
Roraima,Rorainópolis,0.4205816554809843,2020-05-12,RR
Roraima,Cantá,0.4598930481283422,2020-05-12,RR
Roraima,Caroebe,0.448,2020-05-12,RR
Roraima,São Luís,0.4184397163120567,2020-05-12,RR
Roraima,Alto Alegre,0.5362776025236593,2020-05-12,RR
Roraima,Mucajaí,0.4497487437185929,2020-05-12,RR
Roraima,Iracema,0.4171779141104294,2020-05-12,RR
Roraima,São João da Baliza,0.452991452991453,2020-05-12,RR
Roraima,Normandia,0.43,2020-05-12,RR
Roraima,Bonfim,0.5595238095238095,2020-05-12,RR
Roraima,Uiramutã,0.3454545454545454,2020-05-12,RR
Roraima,Bonfim,0.5752895752895753,2020-05-11,RR
Roraima,Caroebe,0.3416666666666667,2020-05-11,RR
Roraima,Caracaraí,0.4285714285714285,2020-05-11,RR
Roraima,Rorainópolis,0.4089935760171306,2020-05-11,RR
Roraima,Normandia,0.4,2020-05-11,RR
Roraima,Alto Alegre,0.4495677233429395,2020-05-11,RR
Roraima,Boa Vista,0.4100499020908344,2020-05-11,RR
Roraima,São João da Baliza,0.3853211009174312,2020-05-11,RR
Roraima,Cantá,0.4215938303341902,2020-05-11,RR
Roraima,São Luís,0.4191176470588235,2020-05-11,RR
Roraima,Mucajaí,0.4423529411764706,2020-05-11,RR
Roraima,Amajari,0.4864864864864865,2020-05-11,RR
Roraima,Pacaraima,0.4085603112840467,2020-05-11,RR
Roraima,Iracema,0.3712574850299401,2020-05-11,RR
Roraima,Normandia,0.4591836734693877,2020-05-10,RR
Roraima,Pacaraima,0.4901960784313725,2020-05-10,RR
Roraima,São Luís,0.4809160305343511,2020-05-10,RR
Roraima,Caroebe,0.4841269841269841,2020-05-10,RR
Roraima,Iracema,0.4423076923076923,2020-05-10,RR
Roraima,Cantá,0.4532577903682719,2020-05-10,RR
Roraima,Alto Alegre,0.4832826747720364,2020-05-10,RR
Roraima,Amajari,0.5486111111111112,2020-05-10,RR
Roraima,Boa Vista,0.4129967054393868,2020-05-10,RR
Roraima,Mucajaí,0.4441558441558441,2020-05-10,RR
Roraima,Caracaraí,0.3962848297213622,2020-05-10,RR
Roraima,Uiramutã,0.5172413793103449,2020-05-10,RR
Roraima,Bonfim,0.5421686746987951,2020-05-10,RR
Roraima,Rorainópolis,0.4426605504587156,2020-05-10,RR
Roraima,São João da Baliza,0.4444444444444444,2020-05-10,RR
Roraima,Bonfim,0.5333333333333333,2020-05-09,RR
Roraima,Rorainópolis,0.4413793103448276,2020-05-09,RR
Roraima,Alto Alegre,0.5059523809523809,2020-05-09,RR
Roraima,Boa Vista,0.4067574897106212,2020-05-09,RR
Roraima,Pacaraima,0.4389312977099237,2020-05-09,RR
Roraima,Normandia,0.4476190476190476,2020-05-09,RR
Roraima,Mucajaí,0.466183574879227,2020-05-09,RR
Roraima,Uiramutã,0.3571428571428571,2020-05-09,RR
Roraima,Iracema,0.4875,2020-05-09,RR
Roraima,São Luís,0.3823529411764705,2020-05-09,RR
Roraima,Amajari,0.5448717948717948,2020-05-09,RR
Roraima,Caroebe,0.4964028776978417,2020-05-09,RR
Roraima,São João da Baliza,0.3364485981308411,2020-05-09,RR
Roraima,Cantá,0.4693877551020408,2020-05-09,RR
Roraima,Caracaraí,0.4334365325077399,2020-05-09,RR
Roraima,São João da Baliza,0.3981481481481481,2020-05-08,RR
Roraima,Rorainópolis,0.3742071881606765,2020-05-08,RR
Roraima,Uiramutã,0.4426229508196721,2020-05-08,RR
Roraima,Alto Alegre,0.4684684684684684,2020-05-08,RR
Roraima,Pacaraima,0.377431906614786,2020-05-08,RR
Roraima,Boa Vista,0.3858489679581545,2020-05-08,RR
Roraima,São Luís,0.4552238805970149,2020-05-08,RR
Roraima,Cantá,0.4199475065616798,2020-05-08,RR
Roraima,Normandia,0.3406593406593406,2020-05-08,RR
Roraima,Bonfim,0.4675324675324675,2020-05-08,RR
Roraima,Caracaraí,0.4108761329305136,2020-05-08,RR
Roraima,Iracema,0.4358974358974359,2020-05-08,RR
Roraima,Caroebe,0.4523809523809524,2020-05-08,RR
Roraima,Amajari,0.5066666666666667,2020-05-08,RR
Roraima,Mucajaí,0.4347826086956521,2020-05-08,RR
Roraima,Rorainópolis,0.4025157232704403,2020-05-07,RR
Roraima,Mucajaí,0.4576271186440678,2020-05-07,RR
Roraima,São João da Baliza,0.4090909090909091,2020-05-07,RR
Roraima,Normandia,0.3505154639175257,2020-05-07,RR
Roraima,Amajari,0.5297619047619048,2020-05-07,RR
Roraima,Uiramutã,0.4516129032258064,2020-05-07,RR
Roraima,Iracema,0.4968553459119497,2020-05-07,RR
Roraima,São Luís,0.4657534246575342,2020-05-07,RR
Roraima,Cantá,0.4325068870523416,2020-05-07,RR
Roraima,Bonfim,0.4758064516129032,2020-05-07,RR
Roraima,Boa Vista,0.4059933682481639,2020-05-07,RR
Roraima,Caracaraí,0.4132492113564668,2020-05-07,RR
Roraima,Alto Alegre,0.4845679012345679,2020-05-07,RR
Roraima,Caroebe,0.4076923076923077,2020-05-07,RR
Roraima,Pacaraima,0.4067796610169492,2020-05-07,RR
Roraima,Boa Vista,0.4172164820117017,2020-05-06,RR
Roraima,Normandia,0.3505154639175257,2020-05-06,RR
Roraima,Alto Alegre,0.4686567164179104,2020-05-06,RR
Roraima,São João da Baliza,0.3173076923076923,2020-05-06,RR
Roraima,Cantá,0.4116022099447514,2020-05-06,RR
Roraima,Iracema,0.4258064516129032,2020-05-06,RR
Roraima,Caracaraí,0.415929203539823,2020-05-06,RR
Roraima,Uiramutã,0.4098360655737705,2020-05-06,RR
Roraima,Pacaraima,0.3843137254901961,2020-05-06,RR
Roraima,Caroebe,0.4035087719298245,2020-05-06,RR
Roraima,Amajari,0.4619883040935672,2020-05-06,RR
Roraima,Mucajaí,0.464367816091954,2020-05-06,RR
Roraima,Bonfim,0.4980392156862745,2020-05-06,RR
Roraima,São Luís,0.4685314685314685,2020-05-06,RR
Roraima,Rorainópolis,0.425,2020-05-06,RR
Roraima,Alto Alegre,0.4367088607594936,2020-05-05,RR
Roraima,Uiramutã,0.4590163934426229,2020-05-05,RR
Roraima,Pacaraima,0.3662551440329218,2020-05-05,RR
Roraima,Bonfim,0.4279835390946502,2020-05-05,RR
Roraima,Normandia,0.4395604395604395,2020-05-05,RR
Roraima,Rorainópolis,0.40625,2020-05-05,RR
Roraima,Caracaraí,0.3897280966767371,2020-05-05,RR
Roraima,Mucajaí,0.4338235294117647,2020-05-05,RR
Roraima,Amajari,0.4429530201342282,2020-05-05,RR
Roraima,Cantá,0.4750733137829912,2020-05-05,RR
Roraima,São Luís,0.4527027027027027,2020-05-05,RR
Roraima,Boa Vista,0.4013191113355213,2020-05-05,RR
Roraima,Iracema,0.4133333333333333,2020-05-05,RR
Roraima,São João da Baliza,0.3534482758620689,2020-05-05,RR
Roraima,Caroebe,0.4,2020-05-05,RR
Roraima,Mucajaí,0.4387254901960784,2020-05-04,RR
Roraima,Cantá,0.380281690140845,2020-05-04,RR
Roraima,Caroebe,0.4347826086956521,2020-05-04,RR
Roraima,Boa Vista,0.3994170963712647,2020-05-04,RR
Roraima,São Luís,0.4452054794520548,2020-05-04,RR
Roraima,Pacaraima,0.3493975903614458,2020-05-04,RR
Roraima,Caracaraí,0.3724928366762177,2020-05-04,RR
Roraima,Uiramutã,0.4716981132075472,2020-05-04,RR
Roraima,Alto Alegre,0.4617737003058104,2020-05-04,RR
Roraima,Normandia,0.4318181818181818,2020-05-04,RR
Roraima,Amajari,0.4285714285714285,2020-05-04,RR
Roraima,Bonfim,0.4308300395256917,2020-05-04,RR
Roraima,São João da Baliza,0.4166666666666667,2020-05-04,RR
Roraima,Iracema,0.3561643835616438,2020-05-04,RR
Roraima,Rorainópolis,0.38125,2020-05-04,RR
Roraima,Iracema,0.4391891891891892,2020-05-03,RR
Roraima,Caracaraí,0.4421965317919075,2020-05-03,RR
Roraima,Cantá,0.5344827586206896,2020-05-03,RR
Roraima,Boa Vista,0.4920368254821584,2020-05-03,RR
Roraima,São João da Baliza,0.4329896907216495,2020-05-03,RR
Roraima,Mucajaí,0.468586387434555,2020-05-03,RR
Roraima,Rorainópolis,0.4774346793349168,2020-05-03,RR
Roraima,Normandia,0.3406593406593406,2020-05-03,RR
Roraima,São Luís,0.4850746268656716,2020-05-03,RR
Roraima,Uiramutã,0.5576923076923077,2020-05-03,RR
Roraima,Pacaraima,0.4484126984126984,2020-05-03,RR
Roraima,Bonfim,0.5387596899224806,2020-05-03,RR
Roraima,Amajari,0.5460122699386503,2020-05-03,RR
Roraima,Alto Alegre,0.5092592592592593,2020-05-03,RR
Roraima,Caroebe,0.5545454545454546,2020-05-03,RR
Roraima,Amajari,0.5738636363636364,2020-05-02,RR
Roraima,São João da Baliza,0.3333333333333333,2020-05-02,RR
Roraima,Caracaraí,0.4303030303030303,2020-05-02,RR
Roraima,São Luís,0.4274809160305343,2020-05-02,RR
Roraima,Pacaraima,0.4042553191489361,2020-05-02,RR
Roraima,Caroebe,0.4873949579831932,2020-05-02,RR
Roraima,Boa Vista,0.4304938637186194,2020-05-02,RR
Roraima,Cantá,0.4702549575070821,2020-05-02,RR
Roraima,Normandia,0.3411764705882353,2020-05-02,RR
Roraima,Rorainópolis,0.4436781609195402,2020-05-02,RR
Roraima,Alto Alegre,0.5046728971962616,2020-05-02,RR
Roraima,Bonfim,0.4628975265017668,2020-05-02,RR
Roraima,Uiramutã,0.3962264150943396,2020-05-02,RR
Roraima,Iracema,0.4307692307692308,2020-05-02,RR
Roraima,Mucajaí,0.4484679665738161,2020-05-02,RR
Roraima,Normandia,0.4137931034482758,2020-05-01,RR
Roraima,Amajari,0.4459459459459459,2020-05-01,RR
Roraima,Cantá,0.471976401179941,2020-05-01,RR
Roraima,Caracaraí,0.4529411764705882,2020-05-01,RR
Roraima,Alto Alegre,0.4898648648648648,2020-05-01,RR
Roraima,Rorainópolis,0.4060475161987041,2020-05-01,RR
Roraima,Bonfim,0.5040983606557377,2020-05-01,RR
Roraima,Mucajaí,0.4342857142857143,2020-05-01,RR
Roraima,Uiramutã,0.3461538461538461,2020-05-01,RR
Roraima,Boa Vista,0.4518247011952191,2020-05-01,RR
Roraima,Iracema,0.4,2020-05-01,RR
Roraima,Pacaraima,0.3939393939393939,2020-05-01,RR
Roraima,Caroebe,0.4333333333333333,2020-05-01,RR
Roraima,São Luís,0.4130434782608695,2020-05-01,RR
Roraima,São João da Baliza,0.3130434782608696,2020-05-01,RR
Roraima,São João da Baliza,0.3578947368421052,2020-04-30,RR
Roraima,Iracema,0.4926470588235294,2020-04-30,RR
Roraima,Rorainópolis,0.4026258205689278,2020-04-30,RR
Roraima,Mucajaí,0.4017857142857143,2020-04-30,RR
Roraima,Boa Vista,0.3921481856113288,2020-04-30,RR
Roraima,São Luís,0.4469696969696969,2020-04-30,RR
Roraima,Caracaraí,0.3970149253731343,2020-04-30,RR
Roraima,Pacaraima,0.3259911894273127,2020-04-30,RR
Roraima,Alto Alegre,0.4285714285714285,2020-04-30,RR
Roraima,Caroebe,0.4054054054054054,2020-04-30,RR
Roraima,Uiramutã,0.5272727272727272,2020-04-30,RR
Roraima,Amajari,0.4,2020-04-30,RR
Roraima,Normandia,0.4534883720930232,2020-04-30,RR
Roraima,Bonfim,0.4564315352697095,2020-04-30,RR
Roraima,Cantá,0.3763736263736263,2020-04-30,RR
Roraima,Cantá,0.4176470588235294,2020-04-29,RR
Roraima,Alto Alegre,0.4300341296928328,2020-04-29,RR
Roraima,Caroebe,0.3584905660377358,2020-04-29,RR
Roraima,Normandia,0.3076923076923077,2020-04-29,RR
Roraima,Iracema,0.4415584415584415,2020-04-29,RR
Roraima,Mucajaí,0.4269972451790633,2020-04-29,RR
Roraima,Pacaraima,0.352112676056338,2020-04-29,RR
Roraima,Amajari,0.4285714285714285,2020-04-29,RR
Roraima,Rorainópolis,0.3589164785553047,2020-04-29,RR
Roraima,Caracaraí,0.3850746268656716,2020-04-29,RR
Roraima,Bonfim,0.444015444015444,2020-04-29,RR
Roraima,Uiramutã,0.4426229508196721,2020-04-29,RR
Roraima,Boa Vista,0.3943464250390837,2020-04-29,RR
Roraima,São Luís,0.4964028776978417,2020-04-29,RR
Roraima,São João da Baliza,0.3608247422680412,2020-04-29,RR
Roraima,Rorainópolis,0.3820224719101123,2020-04-28,RR
Roraima,Bonfim,0.4194756554307116,2020-04-28,RR
Roraima,Amajari,0.487012987012987,2020-04-28,RR
Roraima,Caracaraí,0.3365695792880259,2020-04-28,RR
Roraima,São João da Baliza,0.3454545454545454,2020-04-28,RR
Roraima,Mucajaí,0.4388297872340425,2020-04-28,RR
Roraima,Iracema,0.4153846153846154,2020-04-28,RR
Roraima,Uiramutã,0.4477611940298507,2020-04-28,RR
Roraima,Caroebe,0.3898305084745763,2020-04-28,RR
Roraima,Normandia,0.3571428571428571,2020-04-28,RR
Roraima,Pacaraima,0.3922413793103448,2020-04-28,RR
Roraima,Cantá,0.425531914893617,2020-04-28,RR
Roraima,São Luís,0.4078947368421052,2020-04-28,RR
Roraima,Alto Alegre,0.4364820846905538,2020-04-28,RR
Roraima,Boa Vista,0.4039724335218776,2020-04-28,RR
Roraima,Bonfim,0.3925925925925926,2020-04-27,RR
Roraima,Caracaraí,0.3609467455621302,2020-04-27,RR
Roraima,Uiramutã,0.4838709677419355,2020-04-27,RR
Roraima,Mucajaí,0.4456521739130434,2020-04-27,RR
Roraima,São João da Baliza,0.3478260869565217,2020-04-27,RR
Roraima,São Luís,0.4045801526717557,2020-04-27,RR
Roraima,Caroebe,0.4369747899159664,2020-04-27,RR
Roraima,Rorainópolis,0.3854875283446712,2020-04-27,RR
Roraima,Alto Alegre,0.4285714285714285,2020-04-27,RR
Roraima,Amajari,0.4509803921568627,2020-04-27,RR
Roraima,Iracema,0.4680851063829787,2020-04-27,RR
Roraima,Normandia,0.3205128205128205,2020-04-27,RR
Roraima,Cantá,0.4101123595505618,2020-04-27,RR
Roraima,Boa Vista,0.4066716038252246,2020-04-27,RR
Roraima,Pacaraima,0.3760330578512397,2020-04-27,RR
Roraima,Amajari,0.55,2020-04-26,RR
Roraima,Iracema,0.4745762711864407,2020-04-26,RR
Roraima,Cantá,0.5102739726027398,2020-04-26,RR
Roraima,São João da Baliza,0.4591836734693877,2020-04-26,RR
Roraima,Rorainópolis,0.4741144414168937,2020-04-26,RR
Roraima,São Luís,0.4057971014492754,2020-04-26,RR
Roraima,Bonfim,0.4922279792746113,2020-04-26,RR
Roraima,Mucajaí,0.47,2020-04-26,RR
Roraima,Alto Alegre,0.502262443438914,2020-04-26,RR
Roraima,Normandia,0.3623188405797101,2020-04-26,RR
Roraima,Caroebe,0.5,2020-04-26,RR
Roraima,Boa Vista,0.4946823109647317,2020-04-26,RR
Roraima,Pacaraima,0.4589371980676328,2020-04-26,RR
Roraima,Caracaraí,0.4768683274021352,2020-04-26,RR
Roraima,Bonfim,0.4619883040935672,2020-04-25,RR
Roraima,Pacaraima,0.4187192118226601,2020-04-25,RR
Roraima,Mucajaí,0.421875,2020-04-25,RR
Roraima,Iracema,0.4230769230769231,2020-04-25,RR
Roraima,Caracaraí,0.4444444444444444,2020-04-25,RR
Roraima,São João da Baliza,0.375,2020-04-25,RR
Roraima,São Luís,0.452991452991453,2020-04-25,RR
Roraima,Amajari,0.4859813084112149,2020-04-25,RR
Roraima,Alto Alegre,0.4338842975206611,2020-04-25,RR
Roraima,Normandia,0.4333333333333333,2020-04-25,RR
Roraima,Rorainópolis,0.4267676767676767,2020-04-25,RR
Roraima,Cantá,0.4397394136807817,2020-04-25,RR
Roraima,Boa Vista,0.4272531833967256,2020-04-25,RR
Roraima,Caroebe,0.3944954128440367,2020-04-25,RR
Roraima,Bonfim,0.4022346368715084,2020-04-24,RR
Roraima,Pacaraima,0.3448275862068966,2020-04-24,RR
Roraima,Amajari,0.4901960784313725,2020-04-24,RR
Roraima,São João da Baliza,0.38,2020-04-24,RR
Roraima,Iracema,0.425531914893617,2020-04-24,RR
Roraima,Cantá,0.3758169934640523,2020-04-24,RR
Roraima,São Luís,0.3951612903225806,2020-04-24,RR
Roraima,Boa Vista,0.3885013464845397,2020-04-24,RR
Roraima,Normandia,0.359375,2020-04-24,RR
Roraima,Rorainópolis,0.3376288659793814,2020-04-24,RR
Roraima,Alto Alegre,0.4173553719008264,2020-04-24,RR
Roraima,Caracaraí,0.3493589743589743,2020-04-24,RR
Roraima,Mucajaí,0.3848580441640378,2020-04-24,RR
Roraima,Caroebe,0.4017094017094017,2020-04-24,RR
Roraima,Uiramutã,0.4137931034482758,2020-04-23,RR
Roraima,São João da Baliza,0.3111111111111111,2020-04-23,RR
Roraima,Rorainópolis,0.3636363636363636,2020-04-23,RR
Roraima,Cantá,0.3642611683848797,2020-04-23,RR
Roraima,Caracaraí,0.3881578947368421,2020-04-23,RR
Roraima,Boa Vista,0.3991312583689865,2020-04-23,RR
Roraima,Caroebe,0.4725274725274725,2020-04-23,RR
Roraima,Mucajaí,0.4329268292682927,2020-04-23,RR
Roraima,Bonfim,0.4010152284263959,2020-04-23,RR
Roraima,Alto Alegre,0.4135021097046413,2020-04-23,RR
Roraima,Normandia,0.3188405797101449,2020-04-23,RR
Roraima,Pacaraima,0.3580786026200873,2020-04-23,RR
Roraima,Amajari,0.4018691588785046,2020-04-23,RR
Roraima,São Luís,0.4166666666666667,2020-04-23,RR
Roraima,Iracema,0.4160583941605839,2020-04-23,RR
Roraima,São João da Baliza,0.4466019417475728,2020-04-22,RR
Roraima,Bonfim,0.3770491803278688,2020-04-22,RR
Roraima,Alto Alegre,0.4125,2020-04-22,RR
Roraima,Iracema,0.4173228346456692,2020-04-22,RR
Roraima,Boa Vista,0.39332867737537,2020-04-22,RR
Roraima,Rorainópolis,0.3261390887290168,2020-04-22,RR
Roraima,Cantá,0.3987138263665595,2020-04-22,RR
Roraima,Caroebe,0.5137614678899083,2020-04-22,RR
Roraima,Mucajaí,0.3986710963455149,2020-04-22,RR
Roraima,Uiramutã,0.4509803921568627,2020-04-22,RR
Roraima,Amajari,0.4,2020-04-22,RR
Roraima,Caracaraí,0.412751677852349,2020-04-22,RR
Roraima,Normandia,0.3787878787878788,2020-04-22,RR
Roraima,São Luís,0.4296296296296296,2020-04-22,RR
Roraima,Pacaraima,0.3820754716981132,2020-04-22,RR
Roraima,Pacaraima,0.4285714285714285,2020-04-21,RR
Roraima,Uiramutã,0.4807692307692308,2020-04-21,RR
Roraima,Normandia,0.4181818181818181,2020-04-21,RR
Roraima,Alto Alegre,0.5064935064935064,2020-04-21,RR
Roraima,São Luís,0.5,2020-04-21,RR
Roraima,Cantá,0.4503816793893129,2020-04-21,RR
Roraima,Caracaraí,0.4576271186440678,2020-04-21,RR
Roraima,Caroebe,0.4,2020-04-21,RR
Roraima,Rorainópolis,0.4259740259740259,2020-04-21,RR
Roraima,Bonfim,0.4393063583815029,2020-04-21,RR
Roraima,Amajari,0.3831775700934579,2020-04-21,RR
Roraima,Boa Vista,0.462726843419011,2020-04-21,RR
Roraima,Mucajaí,0.4713804713804714,2020-04-21,RR
Roraima,São João da Baliza,0.3763440860215054,2020-04-21,RR
Roraima,Iracema,0.4297520661157025,2020-04-21,RR
Roraima,Normandia,0.328125,2020-04-20,RR
Roraima,Amajari,0.4666666666666667,2020-04-20,RR
Roraima,Pacaraima,0.4009433962264151,2020-04-20,RR
Roraima,Iracema,0.4015748031496063,2020-04-20,RR
Roraima,Caracaraí,0.4573378839590443,2020-04-20,RR
Roraima,Boa Vista,0.4319787681384207,2020-04-20,RR
Roraima,Alto Alegre,0.3941908713692946,2020-04-20,RR
Roraima,Mucajaí,0.4415584415584415,2020-04-20,RR
Roraima,Bonfim,0.3636363636363636,2020-04-20,RR
Roraima,São João da Baliza,0.3296703296703296,2020-04-20,RR
Roraima,Rorainópolis,0.4004975124378109,2020-04-20,RR
Roraima,Uiramutã,0.4629629629629629,2020-04-20,RR
Roraima,Caroebe,0.4414414414414414,2020-04-20,RR
Roraima,São Luís,0.3140495867768595,2020-04-20,RR
Roraima,Cantá,0.531496062992126,2020-04-20,RR
Roraima,Iracema,0.4747474747474747,2020-04-19,RR
Roraima,Cantá,0.5251798561151079,2020-04-19,RR
Roraima,Rorainópolis,0.436950146627566,2020-04-19,RR
Roraima,Bonfim,0.5,2020-04-19,RR
Roraima,Caroebe,0.4954954954954955,2020-04-19,RR
Roraima,Boa Vista,0.513889388004456,2020-04-19,RR
Roraima,Pacaraima,0.4734513274336283,2020-04-19,RR
Roraima,Caracaraí,0.4362934362934363,2020-04-19,RR
Roraima,Alto Alegre,0.4841628959276018,2020-04-19,RR
Roraima,Mucajaí,0.5247148288973384,2020-04-19,RR
Roraima,Normandia,0.4615384615384615,2020-04-19,RR
Roraima,Uiramutã,0.5094339622641509,2020-04-19,RR
Roraima,São João da Baliza,0.4534883720930232,2020-04-19,RR
Roraima,Amajari,0.514018691588785,2020-04-19,RR
Roraima,São Luís,0.5169491525423728,2020-04-19,RR
Roraima,Amajari,0.4579439252336448,2020-04-18,RR
Roraima,Caracaraí,0.3900709219858156,2020-04-18,RR
Roraima,Rorainópolis,0.4268292682926829,2020-04-18,RR
Roraima,Bonfim,0.4659090909090909,2020-04-18,RR
Roraima,Uiramutã,0.4677419354838709,2020-04-18,RR
Roraima,São João da Baliza,0.3854166666666667,2020-04-18,RR
Roraima,Boa Vista,0.4401111408677022,2020-04-18,RR
Roraima,Iracema,0.4576271186440678,2020-04-18,RR
Roraima,Cantá,0.4516129032258064,2020-04-18,RR
Roraima,São Luís,0.4661016949152542,2020-04-18,RR
Roraima,Alto Alegre,0.4873949579831932,2020-04-18,RR
Roraima,Normandia,0.4666666666666667,2020-04-18,RR
Roraima,Mucajaí,0.4527687296416938,2020-04-18,RR
Roraima,Pacaraima,0.5169491525423728,2020-04-18,RR
Roraima,Caroebe,0.4642857142857143,2020-04-18,RR
Roraima,Rorainópolis,0.3738317757009345,2020-04-17,RR
Roraima,Mucajaí,0.3818770226537217,2020-04-17,RR
Roraima,Alto Alegre,0.3914893617021276,2020-04-17,RR
Roraima,São João da Baliza,0.3333333333333333,2020-04-17,RR
Roraima,Normandia,0.4516129032258064,2020-04-17,RR
Roraima,Uiramutã,0.4137931034482758,2020-04-17,RR
Roraima,Caroebe,0.3771929824561403,2020-04-17,RR
Roraima,Bonfim,0.3555555555555555,2020-04-17,RR
Roraima,Caracaraí,0.3410596026490066,2020-04-17,RR
Roraima,Iracema,0.4015151515151515,2020-04-17,RR
Roraima,Cantá,0.4128113879003559,2020-04-17,RR
Roraima,Amajari,0.4363636363636363,2020-04-17,RR
Roraima,Boa Vista,0.404475212441353,2020-04-17,RR
Roraima,São Luís,0.4503816793893129,2020-04-17,RR
Roraima,Pacaraima,0.3990610328638497,2020-04-17,RR
Roraima,Bonfim,0.366120218579235,2020-04-16,RR
Roraima,Rorainópolis,0.3494623655913978,2020-04-16,RR
Roraima,Amajari,0.3518518518518518,2020-04-16,RR
Roraima,Caracaraí,0.3298969072164948,2020-04-16,RR
Roraima,Alto Alegre,0.4201680672268907,2020-04-16,RR
Roraima,Cantá,0.3556338028169014,2020-04-16,RR
Roraima,Caroebe,0.4433962264150943,2020-04-16,RR
Roraima,São João da Baliza,0.3118279569892473,2020-04-16,RR
Roraima,Iracema,0.4322033898305085,2020-04-16,RR
Roraima,São Luís,0.3983050847457627,2020-04-16,RR
Roraima,Normandia,0.425,2020-04-16,RR
Roraima,Mucajaí,0.3972602739726027,2020-04-16,RR
Roraima,Boa Vista,0.393290841999329,2020-04-16,RR
Roraima,Uiramutã,0.3725490196078431,2020-04-16,RR
Roraima,Pacaraima,0.3090909090909091,2020-04-16,RR
Roraima,Alto Alegre,0.415929203539823,2020-04-15,RR
Roraima,Mucajaí,0.3952702702702703,2020-04-15,RR
Roraima,São João da Baliza,0.3473684210526316,2020-04-15,RR
Roraima,Normandia,0.4852941176470588,2020-04-15,RR
Roraima,Cantá,0.4787644787644787,2020-04-15,RR
Roraima,Pacaraima,0.3212669683257919,2020-04-15,RR
Roraima,Bonfim,0.4325842696629213,2020-04-15,RR
Roraima,Rorainópolis,0.3259259259259259,2020-04-15,RR
Roraima,Amajari,0.4545454545454545,2020-04-15,RR
Roraima,Uiramutã,0.4117647058823529,2020-04-15,RR
Roraima,Caroebe,0.5051546391752577,2020-04-15,RR
Roraima,Boa Vista,0.4282808748999733,2020-04-15,RR
Roraima,Iracema,0.3793103448275862,2020-04-15,RR
Roraima,São Luís,0.3898305084745763,2020-04-15,RR
Roraima,Caracaraí,0.3620689655172414,2020-04-15,RR
Roraima,Cantá,0.5079365079365079,2020-04-14,RR
Roraima,Rorainópolis,0.3555555555555555,2020-04-14,RR
Roraima,Boa Vista,0.4264631557667037,2020-04-14,RR
Roraima,Normandia,0.3972602739726027,2020-04-14,RR
Roraima,São João da Baliza,0.4770642201834862,2020-04-14,RR
Roraima,Alto Alegre,0.4803921568627451,2020-04-14,RR
Roraima,Iracema,0.4067796610169492,2020-04-14,RR
Roraima,Caracaraí,0.3851351351351351,2020-04-14,RR
Roraima,Uiramutã,0.4117647058823529,2020-04-14,RR
Roraima,Caroebe,0.3962264150943396,2020-04-14,RR
Roraima,Mucajaí,0.419672131147541,2020-04-14,RR
Roraima,Bonfim,0.425287356321839,2020-04-14,RR
Roraima,Amajari,0.4351851851851852,2020-04-14,RR
Roraima,São Luís,0.5241935483870968,2020-04-14,RR
Roraima,Pacaraima,0.4009216589861751,2020-04-14,RR
Roraima,Bonfim,0.430939226519337,2020-04-13,RR
Roraima,Iracema,0.4903846153846153,2020-04-13,RR
Roraima,Boa Vista,0.4295237769648901,2020-04-13,RR
Roraima,Alto Alegre,0.4339622641509434,2020-04-13,RR
Roraima,Cantá,0.4382022471910112,2020-04-13,RR
Roraima,São João da Baliza,0.3853211009174312,2020-04-13,RR
Roraima,Pacaraima,0.3615023474178404,2020-04-13,RR
Roraima,Rorainópolis,0.3701799485861182,2020-04-13,RR
Roraima,Normandia,0.4864864864864865,2020-04-13,RR
Roraima,Caracaraí,0.3807947019867549,2020-04-13,RR
Roraima,Caroebe,0.4403669724770642,2020-04-13,RR
Roraima,São Luís,0.4,2020-04-13,RR
Roraima,Uiramutã,0.3333333333333333,2020-04-13,RR
Roraima,Amajari,0.4814814814814814,2020-04-13,RR
Roraima,Mucajaí,0.375438596491228,2020-04-13,RR
Roraima,Amajari,0.5392156862745098,2020-04-12,RR
Roraima,Cantá,0.5196850393700787,2020-04-12,RR
Roraima,Bonfim,0.5497076023391813,2020-04-12,RR
Roraima,Alto Alegre,0.5,2020-04-12,RR
Roraima,Pacaraima,0.4705882352941176,2020-04-12,RR
Roraima,Iracema,0.5128205128205128,2020-04-12,RR
Roraima,São Luís,0.5225225225225225,2020-04-12,RR
Roraima,Boa Vista,0.517485091658691,2020-04-12,RR
Roraima,Caroebe,0.4787234042553192,2020-04-12,RR
Roraima,São João da Baliza,0.5,2020-04-12,RR
Roraima,Caracaraí,0.458041958041958,2020-04-12,RR
Roraima,Rorainópolis,0.4804469273743016,2020-04-12,RR
Roraima,Mucajaí,0.4490566037735849,2020-04-12,RR
Roraima,Normandia,0.582089552238806,2020-04-12,RR
Roraima,Normandia,0.5373134328358209,2020-04-11,RR
Roraima,Alto Alegre,0.5360824742268041,2020-04-11,RR
Roraima,Cantá,0.4865900383141762,2020-04-11,RR
Roraima,Boa Vista,0.4554258663679398,2020-04-11,RR
Roraima,Mucajaí,0.4771929824561403,2020-04-11,RR
Roraima,Pacaraima,0.4070351758793969,2020-04-11,RR
Roraima,Caroebe,0.4301075268817204,2020-04-11,RR
Roraima,Caracaraí,0.431438127090301,2020-04-11,RR
Roraima,São João da Baliza,0.5,2020-04-11,RR
Roraima,Bonfim,0.5174418604651163,2020-04-11,RR
Roraima,Uiramutã,0.5294117647058824,2020-04-11,RR
Roraima,Rorainópolis,0.3856749311294766,2020-04-11,RR
Roraima,Iracema,0.4677419354838709,2020-04-11,RR
Roraima,São Luís,0.4745762711864407,2020-04-11,RR
Roraima,Amajari,0.4193548387096774,2020-04-11,RR
Roraima,Amajari,0.5104166666666666,2020-04-10,RR
Roraima,São João da Baliza,0.4888888888888889,2020-04-10,RR
Roraima,Rorainópolis,0.4141689373297003,2020-04-10,RR
Roraima,Cantá,0.5457875457875457,2020-04-10,RR
Roraima,Bonfim,0.4636871508379888,2020-04-10,RR
Roraima,Pacaraima,0.4407582938388625,2020-04-10,RR
Roraima,Iracema,0.4774774774774775,2020-04-10,RR
Roraima,Caracaraí,0.4357142857142857,2020-04-10,RR
Roraima,Mucajaí,0.4965034965034965,2020-04-10,RR
Roraima,Caroebe,0.4434782608695652,2020-04-10,RR
Roraima,Boa Vista,0.4921888591211161,2020-04-10,RR
Roraima,Normandia,0.4307692307692308,2020-04-10,RR
Roraima,São Luís,0.4728682170542636,2020-04-10,RR
Roraima,Alto Alegre,0.4975845410628019,2020-04-10,RR
Roraima,Bonfim,0.4108108108108108,2020-04-09,RR
Roraima,Mucajaí,0.4479495268138801,2020-04-09,RR
Roraima,Caroebe,0.4299065420560747,2020-04-09,RR
Roraima,São Luís,0.4166666666666667,2020-04-09,RR
Roraima,Rorainópolis,0.3897435897435897,2020-04-09,RR
Roraima,Alto Alegre,0.4885844748858447,2020-04-09,RR
Roraima,Caracaraí,0.4,2020-04-09,RR
Roraima,Amajari,0.4324324324324324,2020-04-09,RR
Roraima,São João da Baliza,0.3647058823529411,2020-04-09,RR
Roraima,Iracema,0.4603174603174603,2020-04-09,RR
Roraima,Boa Vista,0.4187905040126255,2020-04-09,RR
Roraima,Cantá,0.4541984732824427,2020-04-09,RR
Roraima,Normandia,0.3770491803278688,2020-04-09,RR
Roraima,Pacaraima,0.3594470046082949,2020-04-09,RR
Roraima,Rorainópolis,0.3783068783068783,2020-04-08,RR
Roraima,São Luís,0.4076923076923077,2020-04-08,RR
Roraima,Alto Alegre,0.4267241379310345,2020-04-08,RR
Roraima,Pacaraima,0.3486238532110092,2020-04-08,RR
Roraima,Normandia,0.3870967741935484,2020-04-08,RR
Roraima,Bonfim,0.4021739130434782,2020-04-08,RR
Roraima,Caroebe,0.4018691588785046,2020-04-08,RR
Roraima,Boa Vista,0.4148583789630231,2020-04-08,RR
Roraima,São João da Baliza,0.3894736842105263,2020-04-08,RR
Roraima,Caracaraí,0.3378839590443686,2020-04-08,RR
Roraima,Iracema,0.4666666666666667,2020-04-08,RR
Roraima,Mucajaí,0.4174757281553398,2020-04-08,RR
Roraima,Amajari,0.4095238095238095,2020-04-08,RR
Roraima,Cantá,0.3886792452830189,2020-04-08,RR
Roraima,Caroebe,0.4509803921568627,2020-04-07,RR
Roraima,São Luís,0.4017857142857143,2020-04-07,RR
Roraima,Normandia,0.4181818181818181,2020-04-07,RR
Roraima,Rorainópolis,0.3502415458937198,2020-04-07,RR
Roraima,Amajari,0.4528301886792453,2020-04-07,RR
Roraima,Iracema,0.4,2020-04-07,RR
Roraima,Cantá,0.391304347826087,2020-04-07,RR
Roraima,Alto Alegre,0.4033613445378151,2020-04-07,RR
Roraima,Mucajaí,0.3980582524271844,2020-04-07,RR
Roraima,Boa Vista,0.4227059702506283,2020-04-07,RR
Roraima,Bonfim,0.4385964912280701,2020-04-07,RR
Roraima,Pacaraima,0.3981481481481481,2020-04-07,RR
Roraima,Caracaraí,0.3859060402684564,2020-04-07,RR
Roraima,São João da Baliza,0.4408602150537634,2020-04-07,RR
Roraima,Mucajaí,0.3908794788273615,2020-04-06,RR
Roraima,São João da Baliza,0.4782608695652174,2020-04-06,RR
Roraima,Pacaraima,0.4064171122994652,2020-04-06,RR
Roraima,Alto Alegre,0.4507042253521127,2020-04-06,RR
Roraima,Rorainópolis,0.4116022099447514,2020-04-06,RR
Roraima,Normandia,0.396551724137931,2020-04-06,RR
Roraima,Caracaraí,0.450354609929078,2020-04-06,RR
Roraima,Cantá,0.4618181818181818,2020-04-06,RR
Roraima,São Luís,0.4224137931034483,2020-04-06,RR
Roraima,Amajari,0.4795918367346938,2020-04-06,RR
Roraima,Boa Vista,0.4265285826960666,2020-04-06,RR
Roraima,Caroebe,0.4444444444444444,2020-04-06,RR
Roraima,Iracema,0.4262295081967213,2020-04-06,RR
Roraima,Bonfim,0.4696132596685083,2020-04-06,RR
Roraima,São Luís,0.559322033898305,2020-04-05,RR
Roraima,Caroebe,0.5789473684210527,2020-04-05,RR
Roraima,Rorainópolis,0.4555256064690027,2020-04-05,RR
Roraima,Alto Alegre,0.4948979591836734,2020-04-05,RR
Roraima,Cantá,0.5928853754940712,2020-04-05,RR
Roraima,Normandia,0.509090909090909,2020-04-05,RR
Roraima,Boa Vista,0.5303244516947616,2020-04-05,RR
Roraima,Iracema,0.4509803921568627,2020-04-05,RR
Roraima,Caracaraí,0.4873646209386281,2020-04-05,RR
Roraima,Amajari,0.5825242718446602,2020-04-05,RR
Roraima,Bonfim,0.4733333333333333,2020-04-05,RR
Roraima,Pacaraima,0.4688995215311005,2020-04-05,RR
Roraima,São João da Baliza,0.5977011494252874,2020-04-05,RR
Roraima,Mucajaí,0.4681647940074906,2020-04-05,RR
Roraima,São Luís,0.4715447154471545,2020-04-04,RR
Roraima,Iracema,0.5583333333333333,2020-04-04,RR
Roraima,Caroebe,0.5421686746987951,2020-04-04,RR
Roraima,Rorainópolis,0.3979591836734694,2020-04-04,RR
Roraima,Caracaraí,0.4208754208754209,2020-04-04,RR
Roraima,Normandia,0.4833333333333333,2020-04-04,RR
Roraima,Mucajaí,0.4612794612794613,2020-04-04,RR
Roraima,Pacaraima,0.3883928571428571,2020-04-04,RR
Roraima,São João da Baliza,0.4574468085106383,2020-04-04,RR
Roraima,Boa Vista,0.4642794881628952,2020-04-04,RR
Roraima,Cantá,0.432,2020-04-04,RR
Roraima,Amajari,0.5,2020-04-04,RR
Roraima,Bonfim,0.5151515151515151,2020-04-04,RR
Roraima,Alto Alegre,0.449074074074074,2020-04-04,RR
Roraima,Mucajaí,0.3661016949152542,2020-04-03,RR
Roraima,Caroebe,0.4555555555555555,2020-04-03,RR
Roraima,Rorainópolis,0.3679012345679012,2020-04-03,RR
Roraima,São João da Baliza,0.4117647058823529,2020-04-03,RR
Roraima,Caracaraí,0.398576512455516,2020-04-03,RR
Roraima,Iracema,0.4444444444444444,2020-04-03,RR
Roraima,Bonfim,0.422360248447205,2020-04-03,RR
Roraima,Amajari,0.5137614678899083,2020-04-03,RR
Roraima,Boa Vista,0.4311226228614273,2020-04-03,RR
Roraima,Cantá,0.3544776119402985,2020-04-03,RR
Roraima,Alto Alegre,0.4044444444444444,2020-04-03,RR
Roraima,Pacaraima,0.322429906542056,2020-04-03,RR
Roraima,São Luís,0.3865546218487395,2020-04-03,RR
Roraima,Normandia,0.365079365079365,2020-04-03,RR
Roraima,Alto Alegre,0.4174311926605504,2020-04-02,RR
Roraima,Mucajaí,0.4612903225806452,2020-04-02,RR
Roraima,Pacaraima,0.4206008583690987,2020-04-02,RR
Roraima,Boa Vista,0.4327289915257098,2020-04-02,RR
Roraima,Normandia,0.4107142857142857,2020-04-02,RR
Roraima,Cantá,0.4182509505703422,2020-04-02,RR
Roraima,Bonfim,0.4110429447852761,2020-04-02,RR
Roraima,Rorainópolis,0.3405275779376499,2020-04-02,RR
Roraima,Caracaraí,0.4406779661016949,2020-04-02,RR
Roraima,Iracema,0.5241935483870968,2020-04-02,RR
Roraima,São João da Baliza,0.5111111111111111,2020-04-02,RR
Roraima,São Luís,0.3875968992248062,2020-04-02,RR
Roraima,Caroebe,0.5666666666666667,2020-04-02,RR
Roraima,Amajari,0.3888888888888889,2020-04-02,RR
Roraima,Rorainópolis,0.3426395939086294,2020-04-01,RR
Roraima,Amajari,0.3529411764705882,2020-04-01,RR
Roraima,São João da Baliza,0.3555555555555555,2020-04-01,RR
Roraima,Mucajaí,0.3745704467353952,2020-04-01,RR
Roraima,Pacaraima,0.3605769230769231,2020-04-01,RR
Roraima,Alto Alegre,0.3480392156862745,2020-04-01,RR
Roraima,São Luís,0.4358974358974359,2020-04-01,RR
Roraima,Uiramutã,0.4339622641509434,2020-04-01,RR
Roraima,Boa Vista,0.4035683353542352,2020-04-01,RR
Roraima,Cantá,0.4307692307692308,2020-04-01,RR
Roraima,Caracaraí,0.3687943262411347,2020-04-01,RR
Roraima,Caroebe,0.4731182795698925,2020-04-01,RR
Roraima,Iracema,0.4152542372881356,2020-04-01,RR
Roraima,Bonfim,0.4140127388535032,2020-04-01,RR
Roraima,Normandia,0.4285714285714285,2020-04-01,RR
Roraima,Boa Vista,0.4411989176437938,2020-03-31,RR
Roraima,Alto Alegre,0.4059405940594059,2020-03-31,RR
Roraima,Normandia,0.3773584905660377,2020-03-31,RR
Roraima,São João da Baliza,0.4731182795698925,2020-03-31,RR
Roraima,Caroebe,0.5795454545454546,2020-03-31,RR
Roraima,Bonfim,0.4736842105263157,2020-03-31,RR
Roraima,Amajari,0.5052631578947369,2020-03-31,RR
Roraima,São Luís,0.4017094017094017,2020-03-31,RR
Roraima,Caracaraí,0.3790613718411552,2020-03-31,RR
Roraima,Rorainópolis,0.3513513513513513,2020-03-31,RR
Roraima,Pacaraima,0.4305555555555556,2020-03-31,RR
Roraima,Cantá,0.4528301886792453,2020-03-31,RR
Roraima,Mucajaí,0.4054054054054054,2020-03-31,RR
Roraima,Uiramutã,0.5490196078431373,2020-03-31,RR
Roraima,Iracema,0.4959349593495935,2020-03-31,RR
Roraima,Alto Alegre,0.417910447761194,2020-03-30,RR
Roraima,Cantá,0.4736842105263157,2020-03-30,RR
Roraima,Mucajaí,0.396875,2020-03-30,RR
Roraima,São Luís,0.4444444444444444,2020-03-30,RR
Roraima,Boa Vista,0.4436661856323255,2020-03-30,RR
Roraima,Caroebe,0.3877551020408163,2020-03-30,RR
Roraima,Bonfim,0.4836601307189542,2020-03-30,RR
Roraima,Rorainópolis,0.3925925925925926,2020-03-30,RR
Roraima,São João da Baliza,0.4946236559139785,2020-03-30,RR
Roraima,Amajari,0.5,2020-03-30,RR
Roraima,Pacaraima,0.3816425120772946,2020-03-30,RR
Roraima,Iracema,0.4436090225563909,2020-03-30,RR
Roraima,Caracaraí,0.4027303754266211,2020-03-30,RR
Roraima,Caroebe,0.5365853658536586,2020-03-29,RR
Roraima,Cantá,0.5936254980079682,2020-03-29,RR
Roraima,Mucajaí,0.4810606060606061,2020-03-29,RR
Roraima,Amajari,0.4933333333333333,2020-03-29,RR
Roraima,Boa Vista,0.5459549934907941,2020-03-29,RR
Roraima,Alto Alegre,0.5388888888888889,2020-03-29,RR
Roraima,Rorainópolis,0.4947368421052631,2020-03-29,RR
Roraima,São João da Baliza,0.5054945054945055,2020-03-29,RR
Roraima,Pacaraima,0.4081632653061224,2020-03-29,RR
Roraima,São Luís,0.4596774193548387,2020-03-29,RR
Roraima,Normandia,0.5,2020-03-29,RR
Roraima,Iracema,0.5178571428571429,2020-03-29,RR
Roraima,Caracaraí,0.48,2020-03-29,RR
Roraima,Bonfim,0.554140127388535,2020-03-29,RR
Roraima,Boa Vista,0.4986518000291502,2020-03-28,RR
Roraima,Caroebe,0.5064935064935064,2020-03-28,RR
Roraima,São Luís,0.4553571428571428,2020-03-28,RR
Roraima,Rorainópolis,0.445910290237467,2020-03-28,RR
Roraima,São João da Baliza,0.4948453608247423,2020-03-28,RR
Roraima,Uiramutã,0.6,2020-03-28,RR
Roraima,Normandia,0.34,2020-03-28,RR
Roraima,Pacaraima,0.4545454545454545,2020-03-28,RR
Roraima,Bonfim,0.4897959183673469,2020-03-28,RR
Roraima,Amajari,0.4578313253012048,2020-03-28,RR
Roraima,Mucajaí,0.4607142857142857,2020-03-28,RR
Roraima,Alto Alegre,0.5294117647058824,2020-03-28,RR
Roraima,Cantá,0.5098039215686274,2020-03-28,RR
Roraima,Iracema,0.5407407407407407,2020-03-28,RR
Roraima,Caracaraí,0.4817518248175182,2020-03-28,RR
Roraima,Cantá,0.460377358490566,2020-03-27,RR
Roraima,São João da Baliza,0.3883495145631068,2020-03-27,RR
Roraima,Amajari,0.422680412371134,2020-03-27,RR
Roraima,Caroebe,0.5584415584415584,2020-03-27,RR
Roraima,Iracema,0.5142857142857142,2020-03-27,RR
Roraima,Rorainópolis,0.4016172506738544,2020-03-27,RR
Roraima,Pacaraima,0.4507042253521127,2020-03-27,RR
Roraima,São Luís,0.475,2020-03-27,RR
Roraima,Normandia,0.4642857142857143,2020-03-27,RR
Roraima,Mucajaí,0.4234875444839858,2020-03-27,RR
Roraima,Caracaraí,0.3926174496644295,2020-03-27,RR
Roraima,Bonfim,0.5548387096774193,2020-03-27,RR
Roraima,Alto Alegre,0.4855491329479768,2020-03-27,RR
Roraima,Boa Vista,0.4798576921694757,2020-03-27,RR
Roraima,Boa Vista,0.5003235315263499,2020-03-26,RR
Roraima,Alto Alegre,0.4842105263157895,2020-03-26,RR
Roraima,Bonfim,0.5290322580645161,2020-03-26,RR
Roraima,São Luís,0.4646464646464646,2020-03-26,RR
Roraima,Rorainópolis,0.427027027027027,2020-03-26,RR
Roraima,Uiramutã,0.5283018867924528,2020-03-26,RR
Roraima,Cantá,0.5296442687747036,2020-03-26,RR
Roraima,Pacaraima,0.4027777777777778,2020-03-26,RR
Roraima,Iracema,0.5454545454545454,2020-03-26,RR
Roraima,São João da Baliza,0.5416666666666666,2020-03-26,RR
Roraima,Caracaraí,0.3797909407665505,2020-03-26,RR
Roraima,Caroebe,0.6067415730337079,2020-03-26,RR
Roraima,Amajari,0.4823529411764706,2020-03-26,RR
Roraima,Normandia,0.5,2020-03-26,RR
Roraima,Mucajaí,0.4728434504792332,2020-03-26,RR
Roraima,Rorainópolis,0.4857881136950904,2020-03-25,RR
Roraima,Caroebe,0.5316455696202531,2020-03-25,RR
Roraima,Caracaraí,0.4948453608247423,2020-03-25,RR
Roraima,Alto Alegre,0.526829268292683,2020-03-25,RR
Roraima,Boa Vista,0.5124606130048697,2020-03-25,RR
Roraima,Mucajaí,0.4694533762057878,2020-03-25,RR
Roraima,Pacaraima,0.4522613065326633,2020-03-25,RR
Roraima,São Luís,0.4553571428571428,2020-03-25,RR
Roraima,Amajari,0.5161290322580645,2020-03-25,RR
Roraima,Cantá,0.515748031496063,2020-03-25,RR
Roraima,Normandia,0.3928571428571428,2020-03-25,RR
Roraima,São João da Baliza,0.5494505494505495,2020-03-25,RR
Roraima,Bonfim,0.543046357615894,2020-03-25,RR
Roraima,Iracema,0.55,2020-03-25,RR
Roraima,Bonfim,0.5064102564102564,2020-03-24,RR
Roraima,São João da Baliza,0.4875,2020-03-24,RR
Roraima,Caracaraí,0.4113475177304964,2020-03-24,RR
Roraima,Cantá,0.5163636363636364,2020-03-24,RR
Roraima,Rorainópolis,0.4060913705583756,2020-03-24,RR
Roraima,Normandia,0.4285714285714285,2020-03-24,RR
Roraima,Pacaraima,0.4492753623188406,2020-03-24,RR
Roraima,Amajari,0.5294117647058824,2020-03-24,RR
Roraima,São Luís,0.5185185185185185,2020-03-24,RR
Roraima,Caroebe,0.6,2020-03-24,RR
Roraima,Alto Alegre,0.5047619047619047,2020-03-24,RR
Roraima,Mucajaí,0.3881578947368421,2020-03-24,RR
Roraima,Boa Vista,0.501363073110285,2020-03-24,RR
Roraima,Iracema,0.460431654676259,2020-03-24,RR
Roraima,Caroebe,0.4382022471910112,2020-03-23,RR
Roraima,Normandia,0.46,2020-03-23,RR
Roraima,Amajari,0.4270833333333333,2020-03-23,RR
Roraima,Pacaraima,0.4746543778801843,2020-03-23,RR
Roraima,Bonfim,0.4866666666666667,2020-03-23,RR
Roraima,São João da Baliza,0.4761904761904761,2020-03-23,RR
Roraima,Rorainópolis,0.3269230769230769,2020-03-23,RR
Roraima,Mucajaí,0.4092409240924092,2020-03-23,RR
Roraima,Iracema,0.4932432432432432,2020-03-23,RR
Roraima,Boa Vista,0.4749948193686537,2020-03-23,RR
Roraima,São Luís,0.4553571428571428,2020-03-23,RR
Roraima,Caracaraí,0.3941368078175896,2020-03-23,RR
Roraima,Alto Alegre,0.4363636363636363,2020-03-23,RR
Roraima,Cantá,0.5097276264591439,2020-03-23,RR
Roraima,Amajari,0.4782608695652174,2020-03-22,RR
Roraima,Bonfim,0.5180722891566265,2020-03-22,RR
Roraima,Iracema,0.4919354838709677,2020-03-22,RR
Roraima,Normandia,0.4915254237288136,2020-03-22,RR
Roraima,Boa Vista,0.5634677157397048,2020-03-22,RR
Roraima,Cantá,0.5877862595419847,2020-03-22,RR
Roraima,Pacaraima,0.4744897959183674,2020-03-22,RR
Roraima,Mucajaí,0.409556313993174,2020-03-22,RR
Roraima,Caroebe,0.5340909090909091,2020-03-22,RR
Roraima,Caracaraí,0.4593639575971731,2020-03-22,RR
Roraima,São Luís,0.5714285714285714,2020-03-22,RR
Roraima,São João da Baliza,0.5232558139534884,2020-03-22,RR
Roraima,Alto Alegre,0.5023923444976076,2020-03-22,RR
Roraima,Rorainópolis,0.5025906735751295,2020-03-22,RR
Roraima,Amajari,0.4772727272727273,2020-03-21,RR
Roraima,São Luís,0.4715447154471545,2020-03-21,RR
Roraima,São João da Baliza,0.4767441860465116,2020-03-21,RR
Roraima,Pacaraima,0.4907407407407407,2020-03-21,RR
Roraima,Caracaraí,0.3772241992882562,2020-03-21,RR
Roraima,Mucajaí,0.4267912772585669,2020-03-21,RR
Roraima,Bonfim,0.4539877300613497,2020-03-21,RR
Roraima,Normandia,0.3970588235294117,2020-03-21,RR
Roraima,Cantá,0.5059760956175299,2020-03-21,RR
Roraima,Rorainópolis,0.371859296482412,2020-03-21,RR
Roraima,Alto Alegre,0.4492753623188406,2020-03-21,RR
Roraima,Caroebe,0.4222222222222222,2020-03-21,RR
Roraima,Boa Vista,0.4448558673910787,2020-03-21,RR
Roraima,Iracema,0.3953488372093023,2020-03-21,RR
Roraima,Mucajaí,0.3322683706070287,2020-03-20,RR
Roraima,Normandia,0.3611111111111111,2020-03-20,RR
Roraima,Pacaraima,0.3428571428571428,2020-03-20,RR
Roraima,São Luís,0.4545454545454545,2020-03-20,RR
Roraima,Iracema,0.3939393939393939,2020-03-20,RR
Roraima,Rorainópolis,0.2766497461928934,2020-03-20,RR
Roraima,Boa Vista,0.365982023854277,2020-03-20,RR
Roraima,Cantá,0.3967611336032389,2020-03-20,RR
Roraima,Caroebe,0.2823529411764706,2020-03-20,RR
Roraima,Caracaraí,0.3695652173913043,2020-03-20,RR
Roraima,Amajari,0.4526315789473684,2020-03-20,RR
Roraima,Alto Alegre,0.2863849765258216,2020-03-20,RR
Roraima,São João da Baliza,0.4523809523809524,2020-03-20,RR
Roraima,Bonfim,0.3333333333333333,2020-03-20,RR
Roraima,Caroebe,0.3132530120481928,2020-03-19,RR
Roraima,Cantá,0.3759398496240601,2020-03-19,RR
Roraima,Pacaraima,0.3870967741935484,2020-03-19,RR
Roraima,Rorainópolis,0.3049095607235142,2020-03-19,RR
Roraima,Alto Alegre,0.3605769230769231,2020-03-19,RR
Roraima,São Luís,0.4128440366972477,2020-03-19,RR
Roraima,Normandia,0.25,2020-03-19,RR
Roraima,Mucajaí,0.3562091503267974,2020-03-19,RR
Roraima,Caracaraí,0.3706293706293706,2020-03-19,RR
Roraima,São João da Baliza,0.4886363636363636,2020-03-19,RR
Roraima,Iracema,0.3309352517985611,2020-03-19,RR
Roraima,Amajari,0.4421052631578947,2020-03-19,RR
Roraima,Bonfim,0.3372781065088757,2020-03-19,RR
Roraima,Boa Vista,0.3619831352230011,2020-03-19,RR
Roraima,Pacaraima,0.3397129186602871,2020-03-18,RR
Roraima,Normandia,0.3333333333333333,2020-03-18,RR
Roraima,Mucajaí,0.3888888888888889,2020-03-18,RR
Roraima,Rorainópolis,0.2853403141361256,2020-03-18,RR
Roraima,Boa Vista,0.3567881920827098,2020-03-18,RR
Roraima,Iracema,0.3741496598639456,2020-03-18,RR
Roraima,Amajari,0.3978494623655914,2020-03-18,RR
Roraima,Uiramutã,0.3137254901960784,2020-03-18,RR
Roraima,Caracaraí,0.3247232472324723,2020-03-18,RR
Roraima,São João da Baliza,0.4487179487179487,2020-03-18,RR
Roraima,São Luís,0.3714285714285714,2020-03-18,RR
Roraima,Cantá,0.3543307086614173,2020-03-18,RR
Roraima,Bonfim,0.3352941176470588,2020-03-18,RR
Roraima,Alto Alegre,0.3287671232876712,2020-03-18,RR
Roraima,Caroebe,0.3580246913580246,2020-03-18,RR
Roraima,Pacaraima,0.3028846153846153,2020-03-17,RR
Roraima,Boa Vista,0.3393542253760228,2020-03-17,RR
Roraima,Alto Alegre,0.3130841121495327,2020-03-17,RR
Roraima,Caracaraí,0.3272727272727272,2020-03-17,RR
Roraima,Amajari,0.3297872340425531,2020-03-17,RR
Roraima,Caroebe,0.3,2020-03-17,RR
Roraima,Mucajaí,0.3344262295081967,2020-03-17,RR
Roraima,Normandia,0.2985074626865671,2020-03-17,RR
Roraima,Cantá,0.3585657370517928,2020-03-17,RR
Roraima,Iracema,0.3959731543624161,2020-03-17,RR
Roraima,São João da Baliza,0.3205128205128205,2020-03-17,RR
Roraima,Rorainópolis,0.2780612244897959,2020-03-17,RR
Roraima,São Luís,0.4070796460176991,2020-03-17,RR
Roraima,Bonfim,0.3295454545454545,2020-03-17,RR
Roraima,Cantá,0.3019607843137254,2020-03-16,RR
Roraima,Iracema,0.3286713286713286,2020-03-16,RR
Roraima,Mucajaí,0.321311475409836,2020-03-16,RR
Roraima,Bonfim,0.2808988764044944,2020-03-16,RR
Roraima,Caroebe,0.3333333333333333,2020-03-16,RR
Roraima,Normandia,0.2911392405063291,2020-03-16,RR
Roraima,Pacaraima,0.3526315789473684,2020-03-16,RR
Roraima,São Luís,0.3211009174311927,2020-03-16,RR
Roraima,São João da Baliza,0.3571428571428571,2020-03-16,RR
Roraima,Boa Vista,0.312297348032356,2020-03-16,RR
Roraima,Amajari,0.3402061855670103,2020-03-16,RR
Roraima,Caracaraí,0.3120805369127516,2020-03-16,RR
Roraima,Alto Alegre,0.3478260869565217,2020-03-16,RR
Roraima,Rorainópolis,0.2769230769230769,2020-03-16,RR
Roraima,Pacaraima,0.4,2020-03-15,RR
Roraima,São Luís,0.4576271186440678,2020-03-15,RR
Roraima,Alto Alegre,0.4481132075471698,2020-03-15,RR
Roraima,Bonfim,0.4038461538461538,2020-03-15,RR
Roraima,Normandia,0.4166666666666667,2020-03-15,RR
Roraima,Rorainópolis,0.3565459610027855,2020-03-15,RR
Roraima,Caroebe,0.3814432989690721,2020-03-15,RR
Roraima,São João da Baliza,0.5172413793103449,2020-03-15,RR
Roraima,Iracema,0.496,2020-03-15,RR
Roraima,Mucajaí,0.3605442176870748,2020-03-15,RR
Roraima,Amajari,0.3953488372093023,2020-03-15,RR
Roraima,Cantá,0.4671814671814672,2020-03-15,RR
Roraima,Caracaraí,0.4109090909090909,2020-03-15,RR
Roraima,Boa Vista,0.4183666291502532,2020-03-15,RR
Roraima,Normandia,0.3939393939393939,2020-03-14,RR
Roraima,Alto Alegre,0.365296803652968,2020-03-14,RR
Roraima,Cantá,0.4056224899598393,2020-03-14,RR
Roraima,Mucajaí,0.3720930232558139,2020-03-14,RR
Roraima,Rorainópolis,0.3059701492537313,2020-03-14,RR
Roraima,Boa Vista,0.3557310912974201,2020-03-14,RR
Roraima,Caroebe,0.4646464646464646,2020-03-14,RR
Roraima,São João da Baliza,0.4166666666666667,2020-03-14,RR
Roraima,Bonfim,0.3478260869565217,2020-03-14,RR
Roraima,Caracaraí,0.3613138686131387,2020-03-14,RR
Roraima,Amajari,0.4683544303797468,2020-03-14,RR
Roraima,São Luís,0.4821428571428571,2020-03-14,RR
Roraima,Pacaraima,0.3694581280788177,2020-03-14,RR
Roraima,Iracema,0.3909774436090225,2020-03-14,RR
Roraima,Normandia,0.3333333333333333,2020-03-13,RR
Roraima,Rorainópolis,0.2689295039164491,2020-03-13,RR
Roraima,Amajari,0.3296703296703296,2020-03-13,RR
Roraima,Iracema,0.3006993006993007,2020-03-13,RR
Roraima,Alto Alegre,0.3502304147465437,2020-03-13,RR
Roraima,Caracaraí,0.3096085409252669,2020-03-13,RR
Roraima,São Luís,0.4,2020-03-13,RR
Roraima,Cantá,0.3373015873015873,2020-03-13,RR
Roraima,São João da Baliza,0.3580246913580246,2020-03-13,RR
Roraima,Mucajaí,0.3,2020-03-13,RR
Roraima,Pacaraima,0.3684210526315789,2020-03-13,RR
Roraima,Caroebe,0.2989690721649484,2020-03-13,RR
Roraima,Bonfim,0.3409090909090909,2020-03-13,RR
Roraima,Boa Vista,0.3065365395579703,2020-03-13,RR
Roraima,São Luís,0.4335664335664335,2020-03-12,RR
Roraima,Cantá,0.3067226890756303,2020-03-12,RR
Roraima,Mucajaí,0.3018181818181818,2020-03-12,RR
Roraima,Pacaraima,0.3414634146341463,2020-03-12,RR
Roraima,Caroebe,0.3076923076923077,2020-03-12,RR
Roraima,Normandia,0.2131147540983606,2020-03-12,RR
Roraima,Amajari,0.3225806451612903,2020-03-12,RR
Roraima,Caracaraí,0.3253424657534247,2020-03-12,RR
Roraima,Iracema,0.3925925925925926,2020-03-12,RR
Roraima,Bonfim,0.2914285714285714,2020-03-12,RR
Roraima,Rorainópolis,0.2889447236180904,2020-03-12,RR
Roraima,Boa Vista,0.3092182030338389,2020-03-12,RR
Roraima,Alto Alegre,0.397196261682243,2020-03-12,RR
Roraima,São João da Baliza,0.3291139240506329,2020-03-12,RR
Roraima,São Luís,0.4094488188976378,2020-03-11,RR
Roraima,Rorainópolis,0.2801932367149758,2020-03-11,RR
Roraima,Caroebe,0.2978723404255319,2020-03-11,RR
Roraima,Amajari,0.3118279569892473,2020-03-11,RR
Roraima,Alto Alegre,0.3318181818181818,2020-03-11,RR
Roraima,Cantá,0.2594142259414226,2020-03-11,RR
Roraima,Bonfim,0.2202380952380952,2020-03-11,RR
Roraima,Normandia,0.3442622950819672,2020-03-11,RR
Roraima,Caracaraí,0.2811387900355871,2020-03-11,RR
Roraima,Boa Vista,0.2931522544988879,2020-03-11,RR
Roraima,Pacaraima,0.2536585365853658,2020-03-11,RR
Roraima,Iracema,0.3133333333333333,2020-03-11,RR
Roraima,São João da Baliza,0.3209876543209876,2020-03-11,RR
Roraima,Mucajaí,0.2943262411347517,2020-03-11,RR
Roraima,Rorainópolis,0.285,2020-03-10,RR
Roraima,Alto Alegre,0.3584905660377358,2020-03-10,RR
Roraima,Boa Vista,0.3025221587214674,2020-03-10,RR
Roraima,Caracaraí,0.3129251700680272,2020-03-10,RR
Roraima,Pacaraima,0.334975369458128,2020-03-10,RR
Roraima,Mucajaí,0.2536231884057971,2020-03-10,RR
Roraima,Normandia,0.3432835820895522,2020-03-10,RR
Roraima,Cantá,0.3,2020-03-10,RR
Roraima,Amajari,0.3655913978494624,2020-03-10,RR
Roraima,Iracema,0.3260869565217391,2020-03-10,RR
Roraima,São Luís,0.3410852713178294,2020-03-10,RR
Roraima,São João da Baliza,0.375,2020-03-10,RR
Roraima,Caroebe,0.3076923076923077,2020-03-10,RR
Roraima,Bonfim,0.3103448275862069,2020-03-10,RR
Roraima,Cantá,0.2771084337349397,2020-03-09,RR
Roraima,Alto Alegre,0.3282828282828283,2020-03-09,RR
Roraima,Bonfim,0.3128491620111732,2020-03-09,RR
Roraima,Rorainópolis,0.2888349514563106,2020-03-09,RR
Roraima,São Luís,0.3577235772357723,2020-03-09,RR
Roraima,Amajari,0.3855421686746988,2020-03-09,RR
Roraima,Boa Vista,0.2963219026548672,2020-03-09,RR
Roraima,Pacaraima,0.3762886597938144,2020-03-09,RR
Roraima,Caroebe,0.336734693877551,2020-03-09,RR
Roraima,Mucajaí,0.2718120805369127,2020-03-09,RR
Roraima,Iracema,0.3732394366197183,2020-03-09,RR
Roraima,Caracaraí,0.2956204379562044,2020-03-09,RR
Roraima,Normandia,0.2542372881355932,2020-03-09,RR
Roraima,São João da Baliza,0.3932584269662921,2020-03-09,RR
Roraima,Bonfim,0.3895348837209302,2020-03-08,RR
Roraima,Caroebe,0.4642857142857143,2020-03-08,RR
Roraima,Amajari,0.4337349397590361,2020-03-08,RR
Roraima,Pacaraima,0.4256410256410256,2020-03-08,RR
Roraima,Boa Vista,0.4058048433048433,2020-03-08,RR
Roraima,Rorainópolis,0.4027397260273972,2020-03-08,RR
Roraima,Cantá,0.404,2020-03-08,RR
Roraima,Iracema,0.4244604316546763,2020-03-08,RR
Roraima,São João da Baliza,0.4320987654320987,2020-03-08,RR
Roraima,Caracaraí,0.3715415019762846,2020-03-08,RR
Roraima,Alto Alegre,0.4736842105263157,2020-03-08,RR
Roraima,Normandia,0.3389830508474576,2020-03-08,RR
Roraima,São Luís,0.536,2020-03-08,RR
Roraima,Mucajaí,0.3604240282685512,2020-03-08,RR
Roraima,Bonfim,0.3040935672514619,2020-03-07,RR
Roraima,Rorainópolis,0.3448275862068966,2020-03-07,RR
Roraima,Pacaraima,0.3188405797101449,2020-03-07,RR
Roraima,Amajari,0.3469387755102041,2020-03-07,RR
Roraima,Caracaraí,0.2971014492753623,2020-03-07,RR
Roraima,Normandia,0.3709677419354839,2020-03-07,RR
Roraima,Boa Vista,0.3220923416433916,2020-03-07,RR
Roraima,Cantá,0.3648068669527897,2020-03-07,RR
Roraima,São João da Baliza,0.3023255813953488,2020-03-07,RR
Roraima,Iracema,0.4335664335664335,2020-03-07,RR
Roraima,Caroebe,0.382716049382716,2020-03-07,RR
Roraima,Alto Alegre,0.3781094527363184,2020-03-07,RR
Roraima,São Luís,0.3524590163934426,2020-03-07,RR
Roraima,Mucajaí,0.3754646840148699,2020-03-07,RR
Roraima,Boa Vista,0.2864115779772673,2020-03-06,RR
Roraima,Caroebe,0.4074074074074074,2020-03-06,RR
Roraima,Normandia,0.2542372881355932,2020-03-06,RR
Roraima,Bonfim,0.2513966480446927,2020-03-06,RR
Roraima,Pacaraima,0.3365853658536585,2020-03-06,RR
Roraima,Mucajaí,0.3333333333333333,2020-03-06,RR
Roraima,São João da Baliza,0.3037974683544304,2020-03-06,RR
Roraima,Amajari,0.3434343434343434,2020-03-06,RR
Roraima,São Luís,0.3488372093023256,2020-03-06,RR
Roraima,Alto Alegre,0.3162790697674418,2020-03-06,RR
Roraima,Rorainópolis,0.2357512953367875,2020-03-06,RR
Roraima,Cantá,0.2538461538461538,2020-03-06,RR
Roraima,Iracema,0.3188405797101449,2020-03-06,RR
Roraima,Caracaraí,0.2943262411347517,2020-03-06,RR
Roraima,Caroebe,0.4186046511627907,2020-03-05,RR
Roraima,Rorainópolis,0.2768817204301075,2020-03-05,RR
Roraima,Pacaraima,0.3534883720930232,2020-03-05,RR
Roraima,São João da Baliza,0.1904761904761904,2020-03-05,RR
Roraima,Amajari,0.2980769230769231,2020-03-05,RR
Roraima,Alto Alegre,0.3051643192488263,2020-03-05,RR
Roraima,Bonfim,0.2738095238095238,2020-03-05,RR
Roraima,Caracaraí,0.291970802919708,2020-03-05,RR
Roraima,Mucajaí,0.3415492957746479,2020-03-05,RR
Roraima,Cantá,0.3027888446215139,2020-03-05,RR
Roraima,Boa Vista,0.307057057057057,2020-03-05,RR
Roraima,São Luís,0.2882882882882883,2020-03-05,RR
Roraima,Normandia,0.1830985915492957,2020-03-05,RR
Roraima,Iracema,0.4236111111111111,2020-03-05,RR
Roraima,Boa Vista,0.3059734141006225,2020-03-04,RR
Roraima,Caracaraí,0.3257328990228013,2020-03-04,RR
Roraima,Normandia,0.2948717948717949,2020-03-04,RR
Roraima,Caroebe,0.3780487804878049,2020-03-04,RR
Roraima,Amajari,0.3027522935779816,2020-03-04,RR
Roraima,Pacaraima,0.3378995433789954,2020-03-04,RR
Roraima,Mucajaí,0.3381294964028777,2020-03-04,RR
Roraima,São João da Baliza,0.3478260869565217,2020-03-04,RR
Roraima,Rorainópolis,0.3095823095823096,2020-03-04,RR
Roraima,São Luís,0.3524590163934426,2020-03-04,RR
Roraima,Cantá,0.2925764192139738,2020-03-04,RR
Roraima,Bonfim,0.2883435582822086,2020-03-04,RR
Roraima,Alto Alegre,0.4326923076923077,2020-03-04,RR
Roraima,Iracema,0.381294964028777,2020-03-04,RR
Roraima,Amajari,0.3711340206185567,2020-03-03,RR
Roraima,Normandia,0.2388059701492537,2020-03-03,RR
Roraima,São Luís,0.375,2020-03-03,RR
Roraima,Iracema,0.2781954887218045,2020-03-03,RR
Roraima,Caracaraí,0.2899628252788104,2020-03-03,RR
Roraima,Caroebe,0.369047619047619,2020-03-03,RR
Roraima,Boa Vista,0.2858914301460457,2020-03-03,RR
Roraima,Alto Alegre,0.3211009174311927,2020-03-03,RR
Roraima,Rorainópolis,0.3010204081632653,2020-03-03,RR
Roraima,São João da Baliza,0.3246753246753247,2020-03-03,RR
Roraima,Mucajaí,0.2758620689655172,2020-03-03,RR
Roraima,Cantá,0.3621399176954732,2020-03-03,RR
Roraima,Bonfim,0.2576687116564417,2020-03-03,RR
Roraima,Pacaraima,0.3761904761904762,2020-03-03,RR
Roraima,Boa Vista,0.273838203973325,2020-03-02,RR
Roraima,Pacaraima,0.3269230769230769,2020-03-02,RR
Roraima,Bonfim,0.2774193548387096,2020-03-02,RR
Roraima,Cantá,0.2529182879377432,2020-03-02,RR
Roraima,Caroebe,0.2702702702702703,2020-03-02,RR
Roraima,Normandia,0.2063492063492063,2020-03-02,RR
Roraima,Caracaraí,0.259927797833935,2020-03-02,RR
Roraima,Rorainópolis,0.293010752688172,2020-03-02,RR
Roraima,Iracema,0.3285714285714285,2020-03-02,RR
Roraima,São Luís,0.2936507936507936,2020-03-02,RR
Roraima,Alto Alegre,0.3470319634703196,2020-03-02,RR
Roraima,São João da Baliza,0.3580246913580246,2020-03-02,RR
Roraima,Amajari,0.367816091954023,2020-03-02,RR
Roraima,Mucajaí,0.293040293040293,2020-03-02,RR
Roraima,Pacaraima,0.3910891089108911,2020-03-01,RR
Roraima,Mucajaí,0.3707865168539326,2020-03-01,RR
Roraima,Cantá,0.4851063829787234,2020-03-01,RR
Roraima,Alto Alegre,0.4347826086956521,2020-03-01,RR
Roraima,Caroebe,0.4444444444444444,2020-03-01,RR
Roraima,Amajari,0.4574468085106383,2020-03-01,RR
Roraima,São Luís,0.4247787610619469,2020-03-01,RR
Roraima,Bonfim,0.4605263157894737,2020-03-01,RR
Roraima,Normandia,0.4,2020-03-01,RR
Roraima,Rorainópolis,0.3931623931623931,2020-03-01,RR
Roraima,São João da Baliza,0.2592592592592592,2020-03-01,RR
Roraima,Boa Vista,0.4090310174139097,2020-03-01,RR
Roraima,Caracaraí,0.4242424242424242,2020-03-01,RR
Roraima,Iracema,0.4518518518518518,2020-03-01,RR
Roraima,Normandia,0.2075471698113207,2020-02-29,RR
Roraima,Caracaraí,0.3175182481751825,2020-02-29,RR
Roraima,Bonfim,0.3571428571428571,2020-02-29,RR
Roraima,Pacaraima,0.3588516746411483,2020-02-29,RR
Roraima,Caroebe,0.3918918918918919,2020-02-29,RR
Roraima,Cantá,0.3430962343096234,2020-02-29,RR
Roraima,São Luís,0.3396226415094339,2020-02-29,RR
Roraima,Alto Alegre,0.3488372093023256,2020-02-29,RR
Roraima,Iracema,0.3636363636363636,2020-02-29,RR
Roraima,Amajari,0.2857142857142857,2020-02-29,RR
Roraima,Rorainópolis,0.2967914438502674,2020-02-29,RR
Roraima,São João da Baliza,0.3580246913580246,2020-02-29,RR
Roraima,Boa Vista,0.3138284919116368,2020-02-29,RR
Roraima,Mucajaí,0.2862595419847328,2020-02-29,RR
Roraima,Caracaraí,0.2645914396887159,2020-02-28,RR
Roraima,Bonfim,0.3109756097560975,2020-02-28,RR
Roraima,Pacaraima,0.3052631578947368,2020-02-28,RR
Roraima,Iracema,0.3511450381679389,2020-02-28,RR
Roraima,Amajari,0.2222222222222222,2020-02-28,RR
Roraima,Cantá,0.268595041322314,2020-02-28,RR
Roraima,Normandia,0.3709677419354839,2020-02-28,RR
Roraima,Boa Vista,0.2665047005387134,2020-02-28,RR
Roraima,São Luís,0.3114754098360656,2020-02-28,RR
Roraima,Alto Alegre,0.2794117647058823,2020-02-28,RR
Roraima,Mucajaí,0.3310104529616725,2020-02-28,RR
Roraima,Caroebe,0.2608695652173913,2020-02-28,RR
Roraima,Rorainópolis,0.2540983606557377,2020-02-28,RR
Roraima,São João da Baliza,0.2891566265060241,2020-02-28,RR
Roraima,Normandia,0.203125,2020-02-27,RR
Roraima,Alto Alegre,0.3432835820895522,2020-02-27,RR
Roraima,Caroebe,0.3058823529411765,2020-02-27,RR
Roraima,Pacaraima,0.2741116751269035,2020-02-27,RR
Roraima,Bonfim,0.3435582822085889,2020-02-27,RR
Roraima,Boa Vista,0.2706285959332452,2020-02-27,RR
Roraima,São Luís,0.3524590163934426,2020-02-27,RR
Roraima,Caracaraí,0.2276422764227642,2020-02-27,RR
Roraima,Iracema,0.2972972972972973,2020-02-27,RR
Roraima,São João da Baliza,0.3048780487804878,2020-02-27,RR
Roraima,Mucajaí,0.3007518796992481,2020-02-27,RR
Roraima,Amajari,0.31,2020-02-27,RR
Roraima,Rorainópolis,0.2701149425287356,2020-02-27,RR
Roraima,Cantá,0.3067226890756303,2020-02-27,RR
Roraima,São João da Baliza,0.3209876543209876,2020-02-26,RR
Roraima,Iracema,0.3818181818181818,2020-02-26,RR
Roraima,Rorainópolis,0.3529411764705882,2020-02-26,RR
Roraima,Caroebe,0.3684210526315789,2020-02-26,RR
Roraima,São Luís,0.3679245283018867,2020-02-26,RR
Roraima,Cantá,0.4,2020-02-26,RR
Roraima,Boa Vista,0.3511234951595041,2020-02-26,RR
Roraima,Bonfim,0.3012820512820512,2020-02-26,RR
Roraima,Normandia,0.3636363636363636,2020-02-26,RR
Roraima,Alto Alegre,0.3917525773195876,2020-02-26,RR
Roraima,Caracaraí,0.3309090909090909,2020-02-26,RR
Roraima,Amajari,0.35,2020-02-26,RR
Roraima,Pacaraima,0.3285714285714285,2020-02-26,RR
Roraima,Mucajaí,0.3754789272030651,2020-02-26,RR
Roraima,São Luís,0.4339622641509434,2020-02-25,RR
Roraima,Rorainópolis,0.3753846153846153,2020-02-25,RR
Roraima,Bonfim,0.3881578947368421,2020-02-25,RR
Roraima,Pacaraima,0.3712871287128713,2020-02-25,RR
Roraima,Cantá,0.4595744680851064,2020-02-25,RR
Roraima,Caroebe,0.3846153846153846,2020-02-25,RR
Roraima,Caracaraí,0.3809523809523809,2020-02-25,RR
Roraima,Boa Vista,0.4213090037499516,2020-02-25,RR
Roraima,Mucajaí,0.3576923076923077,2020-02-25,RR
Roraima,São João da Baliza,0.4473684210526316,2020-02-25,RR
Roraima,Iracema,0.4338235294117647,2020-02-25,RR
Roraima,Normandia,0.3454545454545454,2020-02-25,RR
Roraima,Alto Alegre,0.4189944134078212,2020-02-25,RR
Roraima,Amajari,0.4020618556701031,2020-02-25,RR
Roraima,Rorainópolis,0.2952380952380952,2020-02-24,RR
Roraima,Mucajaí,0.3517786561264822,2020-02-24,RR
Roraima,Iracema,0.3643410852713178,2020-02-24,RR
Roraima,Caracaraí,0.2868852459016393,2020-02-24,RR
Roraima,Caroebe,0.391304347826087,2020-02-24,RR
Roraima,Boa Vista,0.3550584410558092,2020-02-24,RR
Roraima,São João da Baliza,0.3472222222222222,2020-02-24,RR
Roraima,Alto Alegre,0.3846153846153846,2020-02-24,RR
Roraima,Cantá,0.3577981651376147,2020-02-24,RR
Roraima,Normandia,0.3492063492063492,2020-02-24,RR
Roraima,São Luís,0.4227642276422764,2020-02-24,RR
Roraima,Bonfim,0.3591549295774648,2020-02-24,RR
Roraima,Amajari,0.4468085106382978,2020-02-24,RR
Roraima,Pacaraima,0.3730569948186528,2020-02-24,RR
Roraima,Mucajaí,0.3805668016194332,2020-02-23,RR
Roraima,Amajari,0.4556962025316455,2020-02-23,RR
Roraima,Normandia,0.3508771929824561,2020-02-23,RR
Roraima,Boa Vista,0.4016867279062401,2020-02-23,RR
Roraima,Alto Alegre,0.4508670520231214,2020-02-23,RR
Roraima,São Luís,0.5094339622641509,2020-02-23,RR
Roraima,Cantá,0.4642857142857143,2020-02-23,RR
Roraima,Pacaraima,0.3776595744680851,2020-02-23,RR
Roraima,Iracema,0.5606060606060606,2020-02-23,RR
Roraima,São João da Baliza,0.4155844155844156,2020-02-23,RR
Roraima,Caracaraí,0.328,2020-02-23,RR
Roraima,Rorainópolis,0.4536423841059602,2020-02-23,RR
Roraima,Caroebe,0.4871794871794871,2020-02-23,RR
Roraima,Bonfim,0.348993288590604,2020-02-23,RR
Roraima,Boa Vista,0.3232221703701045,2020-02-22,RR
Roraima,Bonfim,0.3333333333333333,2020-02-22,RR
Roraima,Rorainópolis,0.3434650455927052,2020-02-22,RR
Roraima,Pacaraima,0.327683615819209,2020-02-22,RR
Roraima,Caracaraí,0.364963503649635,2020-02-22,RR
Roraima,Cantá,0.3673469387755102,2020-02-22,RR
Roraima,Amajari,0.425287356321839,2020-02-22,RR
Roraima,São João da Baliza,0.3625,2020-02-22,RR
Roraima,Mucajaí,0.3198529411764705,2020-02-22,RR
Roraima,Alto Alegre,0.3368983957219251,2020-02-22,RR
Roraima,São Luís,0.4473684210526316,2020-02-22,RR
Roraima,Caroebe,0.3378378378378378,2020-02-22,RR
Roraima,Normandia,0.328125,2020-02-22,RR
Roraima,Iracema,0.3492063492063492,2020-02-22,RR
Roraima,Mucajaí,0.2882562277580071,2020-02-21,RR
Roraima,Caracaraí,0.2723735408560311,2020-02-21,RR
Roraima,Pacaraima,0.2617801047120419,2020-02-21,RR
Roraima,Iracema,0.2198581560283688,2020-02-21,RR
Roraima,Rorainópolis,0.2849162011173184,2020-02-21,RR
Roraima,Cantá,0.2365145228215767,2020-02-21,RR
Roraima,São João da Baliza,0.351063829787234,2020-02-21,RR
Roraima,Alto Alegre,0.2956989247311828,2020-02-21,RR
Roraima,Amajari,0.25,2020-02-21,RR
Roraima,Boa Vista,0.2486268511437113,2020-02-21,RR
Roraima,Caroebe,0.2470588235294117,2020-02-21,RR
Roraima,Normandia,0.1971830985915492,2020-02-21,RR
Roraima,São Luís,0.304,2020-02-21,RR
Roraima,Bonfim,0.2994011976047904,2020-02-21,RR
Roraima,Rorainópolis,0.2470930232558139,2020-02-20,RR
Roraima,Caracaraí,0.2748091603053435,2020-02-20,RR
Roraima,Boa Vista,0.25275107953754,2020-02-20,RR
Roraima,Normandia,0.3055555555555556,2020-02-20,RR
Roraima,São Luís,0.4017857142857143,2020-02-20,RR
Roraima,Mucajaí,0.2906976744186046,2020-02-20,RR
Roraima,Caroebe,0.2886597938144329,2020-02-20,RR
Roraima,Amajari,0.2692307692307692,2020-02-20,RR
Roraima,Cantá,0.3100775193798449,2020-02-20,RR
Roraima,Bonfim,0.2754491017964072,2020-02-20,RR
Roraima,Pacaraima,0.2914572864321608,2020-02-20,RR
Roraima,São João da Baliza,0.25,2020-02-20,RR
Roraima,Iracema,0.3211678832116788,2020-02-20,RR
Roraima,Alto Alegre,0.2714285714285714,2020-02-20,RR
Roraima,São João da Baliza,0.2592592592592592,2020-02-19,RR
Roraima,Iracema,0.3214285714285714,2020-02-19,RR
Roraima,Bonfim,0.3353658536585366,2020-02-19,RR
Roraima,Cantá,0.3283582089552239,2020-02-19,RR
Roraima,Caracaraí,0.311787072243346,2020-02-19,RR
Roraima,Mucajaí,0.3533834586466165,2020-02-19,RR
Roraima,Pacaraima,0.3004694835680751,2020-02-19,RR
Roraima,Boa Vista,0.291760146848868,2020-02-19,RR
Roraima,São Luís,0.4,2020-02-19,RR
Roraima,Caroebe,0.391304347826087,2020-02-19,RR
Roraima,Normandia,0.2372881355932203,2020-02-19,RR
Roraima,Amajari,0.3137254901960784,2020-02-19,RR
Roraima,Rorainópolis,0.3149171270718232,2020-02-19,RR
Roraima,Alto Alegre,0.3478260869565217,2020-02-19,RR
Roraima,Mucajaí,0.300395256916996,2020-02-18,RR
Roraima,Iracema,0.3153846153846154,2020-02-18,RR
Roraima,Cantá,0.3041666666666666,2020-02-18,RR
Roraima,Caracaraí,0.2576923076923076,2020-02-18,RR
Roraima,Bonfim,0.2532467532467532,2020-02-18,RR
Roraima,Caroebe,0.3,2020-02-18,RR
Roraima,Alto Alegre,0.334841628959276,2020-02-18,RR
Roraima,Boa Vista,0.2753602861250394,2020-02-18,RR
Roraima,São Luís,0.2734375,2020-02-18,RR
Roraima,Amajari,0.2777777777777778,2020-02-18,RR
Roraima,Rorainópolis,0.2826666666666667,2020-02-18,RR
Roraima,Pacaraima,0.271356783919598,2020-02-18,RR
Roraima,São João da Baliza,0.3582089552238806,2020-02-18,RR
Roraima,Normandia,0.2456140350877192,2020-02-18,RR
Roraima,Mucajaí,0.2272727272727272,2020-02-17,RR
Roraima,Normandia,0.1929824561403508,2020-02-17,RR
Roraima,Alto Alegre,0.3264248704663212,2020-02-17,RR
Roraima,São Luís,0.3193277310924369,2020-02-17,RR
Roraima,Caroebe,0.2,2020-02-17,RR
Roraima,Boa Vista,0.2432634730538922,2020-02-17,RR
Roraima,Cantá,0.2438016528925619,2020-02-17,RR
Roraima,São João da Baliza,0.2816901408450704,2020-02-17,RR
Roraima,Pacaraima,0.2777777777777778,2020-02-17,RR
Roraima,Rorainópolis,0.2670454545454545,2020-02-17,RR
Roraima,Iracema,0.3259259259259259,2020-02-17,RR
Roraima,Caracaraí,0.2401574803149606,2020-02-17,RR
Roraima,Bonfim,0.282051282051282,2020-02-17,RR
Roraima,Amajari,0.3222222222222222,2020-02-17,RR
Roraima,Alto Alegre,0.4270833333333333,2020-02-16,RR
Roraima,Rorainópolis,0.3982558139534883,2020-02-16,RR
Roraima,Caroebe,0.3902439024390244,2020-02-16,RR
Roraima,Mucajaí,0.3613138686131387,2020-02-16,RR
Roraima,São João da Baliza,0.4044943820224719,2020-02-16,RR
Roraima,Caracaraí,0.3473282442748092,2020-02-16,RR
Roraima,Cantá,0.4326530612244898,2020-02-16,RR
Roraima,Pacaraima,0.3743589743589743,2020-02-16,RR
Roraima,Normandia,0.4,2020-02-16,RR
Roraima,Iracema,0.3712121212121212,2020-02-16,RR
Roraima,Boa Vista,0.3861492665782017,2020-02-16,RR
Roraima,Bonfim,0.34,2020-02-16,RR
Roraima,Amajari,0.3404255319148936,2020-02-16,RR
Roraima,São Luís,0.452991452991453,2020-02-16,RR
Roraima,Cantá,0.4124513618677042,2020-02-15,RR
Roraima,Iracema,0.3082706766917293,2020-02-15,RR
Roraima,Amajari,0.4343434343434343,2020-02-15,RR
Roraima,São João da Baliza,0.25,2020-02-15,RR
Roraima,Rorainópolis,0.3450134770889488,2020-02-15,RR
Roraima,Boa Vista,0.334058907557309,2020-02-15,RR
Roraima,São Luís,0.3693693693693693,2020-02-15,RR
Roraima,Alto Alegre,0.3915094339622642,2020-02-15,RR
Roraima,Bonfim,0.3540372670807453,2020-02-15,RR
Roraima,Caroebe,0.4444444444444444,2020-02-15,RR
Roraima,Caracaraí,0.3320610687022901,2020-02-15,RR
Roraima,Normandia,0.3188405797101449,2020-02-15,RR
Roraima,Pacaraima,0.3333333333333333,2020-02-15,RR
Roraima,Mucajaí,0.3279742765273312,2020-02-15,RR
Roraima,Mucajaí,0.2579505300353357,2020-02-14,RR
Roraima,Iracema,0.3037037037037037,2020-02-14,RR
Roraima,Caracaraí,0.2595419847328244,2020-02-14,RR
Roraima,Normandia,0.1818181818181818,2020-02-14,RR
Roraima,Pacaraima,0.2602739726027397,2020-02-14,RR
Roraima,Alto Alegre,0.3175355450236967,2020-02-14,RR
Roraima,Amajari,0.3260869565217391,2020-02-14,RR
Roraima,Caroebe,0.2696629213483146,2020-02-14,RR
Roraima,Rorainópolis,0.2301369863013698,2020-02-14,RR
Roraima,Bonfim,0.2452830188679245,2020-02-14,RR
Roraima,São Luís,0.34375,2020-02-14,RR
Roraima,Cantá,0.2579365079365079,2020-02-14,RR
Roraima,Boa Vista,0.245255021050452,2020-02-14,RR
Roraima,São João da Baliza,0.3181818181818182,2020-02-14,RR
Roraima,Bonfim,0.2544378698224852,2020-02-13,RR
Roraima,Normandia,0.265625,2020-02-13,RR
Roraima,Boa Vista,0.2552677029360967,2020-02-13,RR
Roraima,Caroebe,0.3170731707317073,2020-02-13,RR
Roraima,Amajari,0.3409090909090909,2020-02-13,RR
Roraima,Mucajaí,0.2649006622516556,2020-02-13,RR
Roraima,Iracema,0.3560606060606061,2020-02-13,RR
Roraima,Cantá,0.3291666666666666,2020-02-13,RR
Roraima,São Luís,0.3125,2020-02-13,RR
Roraima,Rorainópolis,0.2729805013927576,2020-02-13,RR
Roraima,Caracaraí,0.2596899224806202,2020-02-13,RR
Roraima,São João da Baliza,0.3125,2020-02-13,RR
Roraima,Pacaraima,0.2718446601941747,2020-02-13,RR
Roraima,Alto Alegre,0.3080568720379147,2020-02-13,RR
Roraima,Pacaraima,0.2901554404145077,2020-02-12,RR
Roraima,Caroebe,0.275,2020-02-12,RR
Roraima,Mucajaí,0.2436363636363636,2020-02-12,RR
Roraima,Rorainópolis,0.2514285714285714,2020-02-12,RR
Roraima,Normandia,0.1791044776119403,2020-02-12,RR
Roraima,Bonfim,0.3212121212121212,2020-02-12,RR
Roraima,São João da Baliza,0.2619047619047619,2020-02-12,RR
Roraima,Alto Alegre,0.2935323383084577,2020-02-12,RR
Roraima,Caracaraí,0.2591093117408907,2020-02-12,RR
Roraima,São Luís,0.3431372549019608,2020-02-12,RR
Roraima,Cantá,0.2567567567567567,2020-02-12,RR
Roraima,Amajari,0.2708333333333333,2020-02-12,RR
Roraima,Iracema,0.2463768115942029,2020-02-12,RR
Roraima,Boa Vista,0.2436381780597334,2020-02-12,RR
Roraima,Alto Alegre,0.3043478260869565,2020-02-11,RR
Roraima,Normandia,0.234375,2020-02-11,RR
Roraima,Amajari,0.202020202020202,2020-02-11,RR
Roraima,São Luís,0.2830188679245283,2020-02-11,RR
Roraima,Caroebe,0.3012048192771084,2020-02-11,RR
Roraima,São João da Baliza,0.2531645569620253,2020-02-11,RR
Roraima,Boa Vista,0.2413068262790366,2020-02-11,RR
Roraima,Mucajaí,0.2622377622377622,2020-02-11,RR
Roraima,Rorainópolis,0.239193083573487,2020-02-11,RR
Roraima,Bonfim,0.2565789473684211,2020-02-11,RR
Roraima,Iracema,0.2761194029850746,2020-02-11,RR
Roraima,Pacaraima,0.2686567164179104,2020-02-11,RR
Roraima,Caracaraí,0.2105263157894736,2020-02-11,RR
Roraima,Cantá,0.2678571428571428,2020-02-11,RR
Roraima,Caroebe,0.253012048192771,2020-02-10,RR
Roraima,São Luís,0.2844036697247706,2020-02-10,RR
Roraima,Normandia,0.15,2020-02-10,RR
Roraima,Boa Vista,0.2172585511250045,2020-02-10,RR
Roraima,Alto Alegre,0.2475247524752475,2020-02-10,RR
Roraima,Caracaraí,0.2064777327935222,2020-02-10,RR
Roraima,Iracema,0.25,2020-02-10,RR
Roraima,Mucajaí,0.2274368231046931,2020-02-10,RR
Roraima,Rorainópolis,0.2228571428571428,2020-02-10,RR
Roraima,Cantá,0.3009259259259259,2020-02-10,RR
Roraima,Pacaraima,0.33,2020-02-10,RR
Roraima,Bonfim,0.1776315789473684,2020-02-10,RR
Roraima,São João da Baliza,0.273972602739726,2020-02-10,RR
Roraima,Amajari,0.3,2020-02-10,RR
Roraima,Rorainópolis,0.3333333333333333,2020-02-09,RR
Roraima,Bonfim,0.3773584905660377,2020-02-09,RR
Roraima,Normandia,0.3387096774193548,2020-02-09,RR
Roraima,Caroebe,0.3636363636363636,2020-02-09,RR
Roraima,Caracaraí,0.3628691983122363,2020-02-09,RR
Roraima,Amajari,0.4042553191489361,2020-02-09,RR
Roraima,Pacaraima,0.3857868020304568,2020-02-09,RR
Roraima,Iracema,0.3695652173913043,2020-02-09,RR
Roraima,São João da Baliza,0.4404761904761904,2020-02-09,RR
Roraima,Boa Vista,0.3734794959574623,2020-02-09,RR
Roraima,São Luís,0.3359375,2020-02-09,RR
Roraima,Alto Alegre,0.3701923076923077,2020-02-09,RR
Roraima,Cantá,0.4497816593886463,2020-02-09,RR
Roraima,Mucajaí,0.3713235294117647,2020-02-09,RR
Roraima,Caroebe,0.2708333333333333,2020-02-08,RR
Roraima,São João da Baliza,0.3766233766233766,2020-02-08,RR
Roraima,Boa Vista,0.2824764276819071,2020-02-08,RR
Roraima,Pacaraima,0.3144329896907216,2020-02-08,RR
Roraima,Caracaraí,0.2936507936507936,2020-02-08,RR
Roraima,São Luís,0.2857142857142857,2020-02-08,RR
Roraima,Cantá,0.3392857142857143,2020-02-08,RR
Roraima,Alto Alegre,0.3980582524271844,2020-02-08,RR
Roraima,Mucajaí,0.2769230769230769,2020-02-08,RR
Roraima,Normandia,0.2539682539682539,2020-02-08,RR
Roraima,Rorainópolis,0.2781065088757396,2020-02-08,RR
Roraima,Iracema,0.3602941176470588,2020-02-08,RR
Roraima,Bonfim,0.2847682119205298,2020-02-08,RR
Roraima,Amajari,0.3333333333333333,2020-02-08,RR
Roraima,Caroebe,0.313953488372093,2020-02-07,RR
Roraima,Mucajaí,0.2196969696969697,2020-02-07,RR
Roraima,Normandia,0.2786885245901639,2020-02-07,RR
Roraima,Bonfim,0.2083333333333333,2020-02-07,RR
Roraima,Boa Vista,0.2337376746825565,2020-02-07,RR
Roraima,Amajari,0.3,2020-02-07,RR
Roraima,Iracema,0.2903225806451613,2020-02-07,RR
Roraima,São João da Baliza,0.3764705882352941,2020-02-07,RR
Roraima,Rorainópolis,0.2099125364431487,2020-02-07,RR
Roraima,Alto Alegre,0.2961165048543689,2020-02-07,RR
Roraima,Pacaraima,0.2740384615384615,2020-02-07,RR
Roraima,São Luís,0.275,2020-02-07,RR
Roraima,Cantá,0.2863247863247863,2020-02-07,RR
Roraima,Caracaraí,0.2154471544715447,2020-02-07,RR
Roraima,Iracema,0.3384615384615385,2020-02-06,RR
Roraima,São Luís,0.3333333333333333,2020-02-06,RR
Roraima,Normandia,0.2456140350877192,2020-02-06,RR
Roraima,Mucajaí,0.2322834645669291,2020-02-06,RR
Roraima,Caroebe,0.3902439024390244,2020-02-06,RR
Roraima,Rorainópolis,0.2697547683923705,2020-02-06,RR
Roraima,Cantá,0.321285140562249,2020-02-06,RR
Roraima,Alto Alegre,0.2877358490566037,2020-02-06,RR
Roraima,Amajari,0.3297872340425531,2020-02-06,RR
Roraima,Pacaraima,0.3073394495412844,2020-02-06,RR
Roraima,Boa Vista,0.2579948294790523,2020-02-06,RR
Roraima,Caracaraí,0.2401574803149606,2020-02-06,RR
Roraima,São João da Baliza,0.3461538461538461,2020-02-06,RR
Roraima,Bonfim,0.2606060606060606,2020-02-06,RR
Roraima,Amajari,0.3541666666666667,2020-02-05,RR
Roraima,Normandia,0.1967213114754098,2020-02-05,RR
Roraima,Mucajaí,0.3269961977186312,2020-02-05,RR
Roraima,Boa Vista,0.270325346075469,2020-02-05,RR
Roraima,Cantá,0.32,2020-02-05,RR
Roraima,Rorainópolis,0.2578796561604584,2020-02-05,RR
Roraima,Caroebe,0.3493975903614458,2020-02-05,RR
Roraima,São João da Baliza,0.3820224719101123,2020-02-05,RR
Roraima,Iracema,0.3728813559322034,2020-02-05,RR
Roraima,Alto Alegre,0.277511961722488,2020-02-05,RR
Roraima,São Luís,0.3252032520325203,2020-02-05,RR
Roraima,Bonfim,0.2387096774193548,2020-02-05,RR
Roraima,Pacaraima,0.3119266055045872,2020-02-05,RR
Roraima,Caracaraí,0.28,2020-02-05,RR
Roraima,Alto Alegre,0.3658536585365853,2020-02-04,RR
Roraima,Boa Vista,0.2659502302831232,2020-02-04,RR
Roraima,Rorainópolis,0.267379679144385,2020-02-04,RR
Roraima,Caracaraí,0.2584745762711864,2020-02-04,RR
Roraima,Iracema,0.3308823529411764,2020-02-04,RR
Roraima,Amajari,0.3333333333333333,2020-02-04,RR
Roraima,Caroebe,0.3604651162790697,2020-02-04,RR
Roraima,Bonfim,0.2026143790849673,2020-02-04,RR
Roraima,São Luís,0.2689075630252101,2020-02-04,RR
Roraima,Mucajaí,0.2862453531598513,2020-02-04,RR
Roraima,Pacaraima,0.3238095238095238,2020-02-04,RR
Roraima,São João da Baliza,0.3369565217391304,2020-02-04,RR
Roraima,Cantá,0.2158590308370044,2020-02-04,RR
Roraima,Normandia,0.288135593220339,2020-02-04,RR
Roraima,Bonfim,0.2094594594594594,2020-02-03,RR
Roraima,São João da Baliza,0.3452380952380952,2020-02-03,RR
Roraima,Pacaraima,0.3172043010752688,2020-02-03,RR
Roraima,São Luís,0.3211009174311927,2020-02-03,RR
Roraima,Cantá,0.25,2020-02-03,RR
Roraima,Rorainópolis,0.2455621301775148,2020-02-03,RR
Roraima,Caroebe,0.2666666666666666,2020-02-03,RR
Roraima,Boa Vista,0.2471852610030706,2020-02-03,RR
Roraima,Amajari,0.2209302325581395,2020-02-03,RR
Roraima,Normandia,0.2063492063492063,2020-02-03,RR
Roraima,Mucajaí,0.28515625,2020-02-03,RR
Roraima,Caracaraí,0.2731092436974789,2020-02-03,RR
Roraima,Iracema,0.2769230769230769,2020-02-03,RR
Roraima,Alto Alegre,0.3300970873786408,2020-02-03,RR
Roraima,Mucajaí,0.4198473282442748,2020-02-02,RR
Roraima,Amajari,0.4268292682926829,2020-02-02,RR
Roraima,Normandia,0.3846153846153846,2020-02-02,RR
Roraima,Rorainópolis,0.3715083798882682,2020-02-02,RR
Roraima,Pacaraima,0.3612565445026178,2020-02-02,RR
Roraima,Alto Alegre,0.3756345177664975,2020-02-02,RR
Roraima,São João da Baliza,0.4743589743589743,2020-02-02,RR
Roraima,Cantá,0.4567307692307692,2020-02-02,RR
Roraima,Caroebe,0.4268292682926829,2020-02-02,RR
Roraima,Iracema,0.368,2020-02-02,RR
Roraima,Boa Vista,0.3804287253408626,2020-02-02,RR
Roraima,Caracaraí,0.4122448979591837,2020-02-02,RR
Roraima,Bonfim,0.3877551020408163,2020-02-02,RR
Roraima,São Luís,0.4454545454545454,2020-02-02,RR
Roraima,Pacaraima,0.305,2020-02-01,RR
Roraima,São João da Baliza,0.3684210526315789,2020-02-01,RR
Roraima,São Luís,0.4188034188034188,2020-02-01,RR
Roraima,Mucajaí,0.3371647509578544,2020-02-01,RR
Roraima,Amajari,0.4505494505494505,2020-02-01,RR
Roraima,Alto Alegre,0.4382022471910112,2020-02-01,RR
Roraima,Caroebe,0.3478260869565217,2020-02-01,RR
Roraima,Iracema,0.4032258064516129,2020-02-01,RR
Roraima,Bonfim,0.3712574850299401,2020-02-01,RR
Roraima,Cantá,0.3927125506072874,2020-02-01,RR
Roraima,Normandia,0.2631578947368421,2020-02-01,RR
Roraima,Rorainópolis,0.3019390581717451,2020-02-01,RR
Roraima,Caracaraí,0.3585657370517928,2020-02-01,RR
Roraima,Boa Vista,0.325609756097561,2020-02-01,RR
